packet_rate,inter_arrival_time,jitter,packet_loss,rejection_rate,retransmissions,scenario
67.04487900100155,0.015877654906698863,0.029869586244805225,0.037601227999094884,0.058395398647818376,1.0,flooding
100.00503325868169,0.009477174208407107,0.014948763416035661,0.10679865621800833,0.006346881825711984,3.0,flooding
112.62005138884581,0.009468049572182119,0.025657490603803772,0.09714123227884525,0.02299620445004156,9.0,flooding
90.70616944216655,0.010336049155212645,0.012554107807468302,0.10688069688513346,0.011874767003585978,5.0,flooding
87.692402350382,0.009719040657214451,0.017535009763132797,0.351306125162,0.003869810512472299,3.0,flooding
70.33756462480858,0.017071498635517483,0.017613723845048865,0.28419206278792014,0.0011245459357482556,1.0,flooding
78.24413277720747,0.013846680184376825,0.024766900963244767,0.09680324720431964,0.026492342997116235,0.0,flooding
74.57820373895882,0.010141785419394464,0.011758431883077559,0.020786429338762003,0.008159422866742901,1.0,flooding
44.414118124236424,0.020320862425891345,0.005351152154439931,0.31004832789031206,0.009217180886899238,3.0,flooding
41.748230952267136,0.026836002123303712,0.024701121806282623,0.18581364053392563,0.0011311788337175768,4.0,flooding
89.39230673891879,0.008847606469742659,0.024325254075428227,0.3601217967396193,0.009990282563995126,1.0,flooding
80.7871027004182,0.011056273090323995,0.021124865303015827,0.3041809021028271,0.01624056863224977,3.0,flooding
59.59126430149064,0.025014927095289647,0.029328883581451366,0.1471314700054812,0.040100482494748464,2.0,flooding
111.4200770453532,0.008540206262044985,0.017973615306416526,0.11522943806430022,0.004024456353020506,2.0,flooding
56.52759200260655,0.020809934111776528,0.022813494378557904,0.13105113918327677,0.05820379249116929,2.0,flooding
96.039906039036,0.013040521339474441,0.01650081256188642,0.24200095161847088,0.050000924000143325,2.0,flooding
103.06903287883549,0.008466199263299492,0.017413883647068116,0.1548991822005902,0.01261220980000284,3.0,flooding
107.21815802169807,0.009706972612690034,0.023402164210887914,0.10675825504411932,0.022589022452044714,2.0,flooding
107.1623950831763,0.012708015642037334,0.04266609528914175,0.11282483888328403,0.08278870006855302,1.0,flooding
103.53454043983885,0.010347849376034484,0.027422976052457453,0.0736280722548774,0.0019359817312445636,2.0,flooding
76.62401385575777,0.01860950660870195,0.02548609249674757,0.40430262497352204,0.07805706931753037,2.0,flooding
89.9129247971192,0.010108532171814903,0.027734394070681397,0.42284130700580363,0.02003454430296252,6.0,flooding
108.61691031626917,0.012055159388203717,0.0,0.11631744932749075,0.020747975897049634,1.0,flooding
73.62315065609363,0.013616698275850016,0.02319177838754359,0.34257681784622385,0.011155710819849068,0.0,flooding
93.66839802292574,0.010164206725133802,0.02910473691849177,0.08349609380267793,0.041881204184954675,5.0,flooding
52.7629064765111,0.020862493298087273,0.020844266119717493,0.12679897734019058,0.001901625899545508,3.0,flooding
85.17540892437188,0.011545823213667242,0.019568239700455545,0.25798529584767327,0.013025409738326912,0.0,flooding
51.28367226177431,0.019253590093508716,0.010600611090806962,0.2755655538755082,0.02171071799032461,2.0,flooding
92.8232794460756,0.011586454582660263,0.015665896074842398,0.25258941642286914,0.04765299281050006,4.0,flooding
70.1464762591479,0.010870031496765149,0.011665045464675781,0.074208026289962,0.03434270205823164,2.0,flooding
58.22743474733513,0.015235073244732783,0.029995068453141212,0.3951458386273507,0.03638883574528024,6.0,flooding
68.85945980141997,0.016184987661861987,0.03501667788546642,0.06391008277522717,0.01856460685592906,2.0,flooding
96.1133698067201,0.01207281718802897,0.039350660704694874,0.19695903644458412,0.022358407127304643,3.0,flooding
112.64267392739157,0.009366306213739241,0.011500056214272934,0.5712854196753092,0.003969868469036403,2.0,flooding
40.90247589566101,0.025481310578221398,0.013315875395640796,0.12605512669421828,0.017455588148702964,3.0,flooding
53.42783575067665,0.019881203119968605,0.012503048359419951,0.2929361569804156,0.02508578080237368,1.0,flooding
96.45866722152988,0.011968885939879218,0.00981443868381742,0.24221449812966486,0.02313031107217491,5.0,flooding
85.49878893884336,0.009443426273608628,0.009975818079283884,0.23782834762974836,0.028928271498758013,5.0,flooding
65.53464379691081,0.014136431574592724,0.014845051237190772,0.1941136976132793,0.04111618292635689,2.0,flooding
92.14106024561022,0.010732432698274437,0.028744775262070157,0.25080195103507663,0.0931942859413161,3.0,flooding
109.37500501091607,0.009415350063140943,0.012821647515039832,0.17702073748100086,0.04154457169355121,5.0,flooding
60.638293802496,0.012017727626319087,0.030530802197635976,0.22508639510867284,0.02870158448303843,3.0,flooding
78.85377418459939,0.010501846154546097,0.03367467850627398,0.2620619802674498,0.011531140024337553,1.0,flooding
41.66138730376515,0.02394313087542295,0.022850964908938783,0.33752367433513253,0.0019874357168384975,4.0,flooding
115.67967836353625,0.010063363057275185,0.03229130851918692,0.2657687971019312,0.023969785098569157,2.0,flooding
104.13149861805655,0.00901820017306583,0.006387397046708109,0.1256228470494549,0.008600212594886265,5.0,flooding
80.4072429470402,0.01125280584885121,0.014418134287506965,0.17423784930006453,0.011565108526776975,5.0,flooding
119.35983927479595,0.009069460278402063,0.021894165482258383,0.22730204956070313,0.030152561489907585,2.0,flooding
57.617490358715045,0.01652242352016433,0.02223234020480889,0.1173431257345149,0.0012802068794902943,4.0,flooding
99.51764391887545,0.011467937464960182,0.034292325248562995,0.0685931560509387,0.09668487932822195,4.0,flooding
101.56052523438746,0.009524824421927383,0.010011546501947514,0.15540121872963603,0.03146641897747836,4.0,flooding
106.46846497407586,0.007945645655308527,0.014630444264134066,0.14633228553259586,0.004247088415452345,1.0,flooding
94.80770428667999,0.013052687423267739,0.019150169292692865,0.0837371714217516,0.029380488291138727,2.0,flooding
55.247248199303755,0.021791628582998362,0.014813808048895986,0.12140119798346778,0.0509590244093005,2.0,flooding
47.30672956088383,0.018316106290886026,0.009573737134649634,0.01659447181473955,0.002305696231969217,0.0,flooding
54.42857662902077,0.019496237479059795,0.015234495549587015,0.11299797584465618,0.0024558441809286844,3.0,flooding
108.66548178525414,0.008762495015588968,0.017544735372120094,0.2218312464038362,0.026009500514568684,4.0,flooding
72.15960826217704,0.01520667461680796,0.034475444652791315,0.14168170415394238,0.03918544801581643,2.0,flooding
83.69328711196033,0.010477637653154032,0.009797680912604752,0.13427450622773388,0.012717829962813036,3.0,flooding
42.02983960555472,0.027116754295204493,0.028151845523581985,0.5267338829802394,0.006815101795278684,1.0,flooding
79.31428231587208,0.015083173497296765,0.032721353381470794,0.24771000814495125,0.05583471982556721,1.0,flooding
72.74154146665992,0.011926242656944407,0.014874053509004627,0.19981159869243303,0.0014569513719957104,3.0,flooding
82.76481952099311,0.012205750765517073,0.02259893101711766,0.2114588276374671,0.014277288575324648,2.0,flooding
70.02187480951878,0.01713875612693109,0.025759363168126843,0.17334203308463492,0.02856442310771885,4.0,flooding
46.03537610360097,0.018692843360289164,0.024110046261723753,0.1449004694349296,0.020951419230053774,0.0,flooding
43.516825553384066,0.020786082031664564,0.02082143221291945,0.14685643800872855,0.05492786736844758,2.0,flooding
115.98375769655567,0.00952162777057407,0.013211740841123115,0.06560752045099984,0.020994045169248077,4.0,flooding
88.30549254164957,0.011054632828630274,0.026624565916340586,0.37003956532329224,0.0025498241597491996,4.0,flooding
91.471701755836,0.00863163903009188,0.01625542109659171,0.11580661522044856,0.01161334928818031,3.0,flooding
113.23350393329241,0.00841714119230601,0.020286509337586453,0.24676843017530925,0.0003892066551534796,1.0,flooding
84.06892036638256,0.01545734672175793,0.02175818307150709,0.01812748167588291,0.002275895736852039,5.0,flooding
89.24422695826024,0.015268804040733762,0.028559892254411526,0.14240673346397897,0.035698043204029396,4.0,flooding
81.84308690940526,0.011104922488565932,0.0392794120579788,0.24970923534890907,0.009466104841470568,2.0,flooding
54.07795685997346,0.016124395414907344,0.01262214879530758,0.29257109229876044,0.011204902242426316,2.0,flooding
64.92087260202084,0.014380660767748769,0.020525747209237385,0.05242189273122853,0.023950711873094718,1.0,flooding
110.7471929271422,0.01183179358291738,0.005155830173470582,0.14485099085665365,0.04976359959537085,4.0,flooding
75.50914638491605,0.015026503489374846,0.034814419238905533,0.31672662145789277,0.03594145312276495,5.0,flooding
56.33196282180403,0.02211167946530394,0.020438494458680297,0.08646017082352818,0.047469797083903253,2.0,flooding
106.2432315859396,0.010933444993194435,0.017003224702236874,0.08004233516942423,0.006101223500982144,2.0,flooding
46.984391040188456,0.017462141773451054,0.020522260597447068,0.10554627389342011,0.005360112152680397,3.0,flooding
91.16242288339144,0.009514199074383457,0.021027635119948467,0.2784368431779181,0.02739329648582615,0.0,flooding
96.00995847197458,0.00938279212972908,0.012681605373412808,0.20950757708827458,0.04348447946391581,1.0,flooding
64.30146399414753,0.014380551107982005,0.03187970220455055,0.253920953031825,0.026799262896899913,1.0,flooding
53.35078342761431,0.0169305649902073,0.02644739728905226,0.09190637175357771,0.02636944756584335,4.0,flooding
75.86342131191904,0.012115988123367134,0.027841703447973206,0.0547358618932682,0.006013294597357878,1.0,flooding
100.40258438044617,0.010964259874858072,0.013199903746985129,0.41978658652267586,0.04485310800805623,0.0,flooding
110.93532463419845,0.00919975966849295,0.012658862709855577,0.10577197584461422,0.03334048850726973,2.0,flooding
105.22695187730598,0.011411282131470198,0.01886449284395829,0.04058454327947611,0.001907263344110713,1.0,flooding
48.76233584372487,0.021297140563820666,0.027999578897940774,0.1346376720944682,0.00801159644169719,4.0,flooding
57.82212679065446,0.015626095289526767,0.025016958024728274,0.2778444184491353,0.0013144807476640089,1.0,flooding
89.3588588062333,0.011511703203575387,0.012223153590677348,0.22984929193173279,0.007084324254689763,4.0,flooding
96.7928088904097,0.00823576294782077,0.02667761066701399,0.41752057790774194,0.06222765859041735,2.0,flooding
40.699058953787286,0.017370523661382732,0.010278790761733627,0.07601529971438133,0.007284399265723057,1.0,flooding
51.405898310700444,0.021423408609885657,0.013383809151679265,0.2996396066405594,0.011986933743757625,4.0,flooding
47.5213526376691,0.024515918678873313,0.021577233576337,0.045998011180082454,0.03742274824883171,4.0,flooding
67.28873955180553,0.015022991386094562,0.008285267817247532,0.04420503457736354,0.015681865809598298,4.0,flooding
94.46418441533278,0.009982551068411111,0.010364714721831675,0.2281792918852589,0.011429722746467138,4.0,flooding
115.45553318117042,0.0070822332329176065,0.03552121547232495,0.1847272623667563,0.0019342889223324074,5.0,flooding
47.16186470328343,0.02525965398467815,0.03366265975355698,0.34364150735404086,0.0169863530684786,1.0,flooding
80.48730751536269,0.013376979706983948,0.04289715881283293,0.08019546467856631,0.0018528766612920498,3.0,flooding
69.7973276716656,0.014966817556419933,0.024505729041273988,0.46665747995290996,0.02407110077907396,2.0,flooding
71.86572461034291,0.013904774488056777,0.02644764356258972,0.2619144354311911,0.018200069615268512,5.0,flooding
45.443705468666664,0.020508621396682202,0.018450423647379456,0.204880797204589,0.016447263369372536,5.0,flooding
63.065671177750644,0.013417854724470907,0.01649557501645077,0.053600556329949756,0.09125834173667964,6.0,flooding
60.19647968453749,0.01725405224046569,0.028719155144448866,0.29704248083860285,0.0034341901693086384,2.0,flooding
97.46389158534042,0.009463994782985645,0.03361977139808244,0.3962286589217733,0.036194363827133536,2.0,flooding
91.34866657856385,0.01027257206169592,0.02786653496438543,0.1748432512451376,0.007932224993150029,3.0,flooding
90.90483577287574,0.014233793270950966,0.01160186177433582,0.3926695597001054,0.00599099009116007,3.0,flooding
81.54066023520234,0.012175696509930488,0.02391624022137796,0.0425720930678582,0.027293128850372706,2.0,flooding
67.36681503741251,0.01027444164815525,0.012298494124277786,0.07609034174583809,0.028233310176821073,3.0,flooding
59.50336389843491,0.015508738905567853,0.016755001444924245,0.09366858034380661,0.009725231043082809,3.0,flooding
40.90270392280672,0.021038231819154006,0.0363622664733281,0.05544536121374402,0.0014443773811600351,5.0,flooding
51.83424359577242,0.018893563712784445,0.008004190896358733,0.40388245458752947,0.0064125726060084345,1.0,flooding
57.59052325735959,0.014023470523897089,0.04168696595435643,0.057402693001444086,0.008201802907010662,5.0,flooding
118.04508264186366,0.009040671162507275,0.02549534350628782,0.0882527679733935,0.003906475067963784,3.0,flooding
117.6361325090254,0.00813152971276907,0.015338872341063181,0.06631842744297105,0.007359840086464107,4.0,flooding
101.41329287195518,0.00918153331945162,0.02068216121444039,0.37124138227384745,0.09131335903941855,3.0,flooding
88.82608190435974,0.011513471138699306,0.013150355815180714,0.2781189898956146,0.02275919711971374,2.0,flooding
93.50467234386964,0.0105723842826262,0.014530859835414262,0.08363184337850212,0.006719147153926269,2.0,flooding
88.0439242708991,0.011130765537191296,0.020732957935264817,0.07278998247075472,0.0204784000725176,1.0,flooding
91.74641144622731,0.01053917114969945,0.016710790343194462,0.39566467244005477,0.011413841173957577,2.0,flooding
57.5389526850286,0.017326653663010092,0.01067032367734473,0.16863253238721873,0.00611935272776784,6.0,flooding
118.13615333112749,0.00891195727107689,0.017785895119797546,0.10144342883549336,0.008369332265299966,3.0,flooding
100.53108155599631,0.01027777579878284,0.006853852220308938,0.36495511106079026,0.008438651585139685,6.0,flooding
58.7394982431745,0.02015948368527696,0.007281853384348912,0.022821933880635754,0.04208958968251901,5.0,flooding
81.09183516929934,0.011360808289288897,0.0071794620809985405,0.06625411054803901,0.02916604458181413,3.0,flooding
103.13738482512521,0.010048388067768017,0.03671324600919472,0.07745127965342069,0.030589667223634754,5.0,flooding
112.8928085991077,0.012784478505903455,0.024056240037619178,0.08897481458858472,0.01824271206243361,1.0,flooding
70.70755996652949,0.014056145995379578,0.025958570524183766,0.12450510150765759,0.0037836822351100226,4.0,flooding
78.69842254463929,0.01270258115997643,0.02011260967478881,0.11461181166152656,0.017808041223940047,0.0,flooding
64.79061539380825,0.012769845649692585,0.025062821339863407,0.42002743384086766,0.01968151885152007,3.0,flooding
70.12634831115717,0.012813190083188574,0.03175845941281313,0.16451977244047333,0.0009214804578114178,3.0,flooding
58.216747923867146,0.016905301718332575,0.02407819416948307,0.05237676807526388,0.031184862549853816,3.0,flooding
42.39293641259367,0.025553941475474334,0.03640330026525856,0.1414789711784765,0.025808110984392577,2.0,flooding
73.30646379701423,0.015036505908351084,0.019628145950905326,0.07392562089835686,0.07635730658876681,0.0,flooding
77.64628747482976,0.013524902794482046,0.025989125586419654,0.10357810223639714,0.032060833384761955,2.0,flooding
102.39175300414968,0.011018369216292291,0.027040131328484894,0.427019921849208,0.0053991138649253905,3.0,flooding
81.80972502356775,0.010521888549881732,0.010679548514742019,0.22891579662855097,0.0037383882175285603,5.0,flooding
66.11177794781281,0.016276882661504656,0.02042740965109547,0.3401716597134046,0.07586206245947762,8.0,flooding
77.0594261896544,0.013003016135801912,0.0015857869426423588,0.17043087963722015,0.0023944383207644606,2.0,flooding
103.69062447834953,0.009826451747122652,0.018701253706872895,0.04005021148974199,0.017442594017706207,3.0,flooding
78.47607603123559,0.012068679724824975,0.017208824309794382,0.07377989413309577,0.015578160077431515,3.0,flooding
84.41464087137334,0.010268283487391738,0.016610515409038247,0.36053316142772623,0.028994182898147414,4.0,flooding
53.83991556141268,0.015478736087771703,0.01592486096260602,0.318517641650371,0.027355791550247664,2.0,flooding
40.61082271785173,0.025837358502494363,0.025119742533438814,0.25343601057416937,0.018069672175660932,4.0,flooding
114.3741316276441,0.009421158827111135,0.011141690313301197,0.2752788091545465,0.008739086824896209,5.0,flooding
61.43718986234023,0.01596349236092254,0.03859990286189816,0.24593565424298042,0.019087461271029574,4.0,flooding
67.80600079907714,0.014715223231958592,0.025674811638447058,0.18191297567029435,0.028421284899963473,4.0,flooding
49.187725366190136,0.01824843935957473,0.011970344271418623,0.1922608730395041,0.051027592492547784,1.0,flooding
81.03983772307679,0.01330678005936756,0.026472161155491513,0.03880782797628099,0.006234039815088537,2.0,flooding
98.96790771746483,0.010196591359210964,0.029948529693931074,0.1596770366999997,0.0004984138047545822,3.0,flooding
94.88536680951249,0.009976613521836389,0.023691174923943462,0.1333846627511611,0.006217550203324911,3.0,flooding
108.44816918347047,0.010500211849297784,0.00994193659656113,0.010669573674451888,0.02065973656197054,0.0,flooding
62.92560746066157,0.01750619819691093,0.04237287001862067,0.1419168487382775,0.02359415114601762,5.0,flooding
65.17306241912424,0.012186499082732167,0.02639474415517721,0.21681725535682736,0.02962684048564103,2.0,flooding
117.24588343766227,0.008592197751031152,0.007524204358550234,0.17364034532582343,0.043898827709311194,1.0,flooding
76.52798383604491,0.011317648836291157,0.022091150891227214,0.40959569598485285,0.013021618623084243,6.0,flooding
106.76109741005531,0.009564802132195478,0.017796824985061736,0.2649931961145627,0.003916001105279653,6.0,flooding
88.92016320058575,0.007009311177900665,0.02006427248778487,0.35388927372871476,0.00872528482956198,3.0,flooding
54.46918405227548,0.018910016943088772,0.008062835131212745,0.4343733669279416,0.041110260339669503,1.0,flooding
116.59505181336095,0.009543363737761297,0.02054326499719752,0.09603981153100473,0.00406309270440822,3.0,flooding
65.9554232468353,0.014911868754130066,0.011687472382334394,0.3848581883749516,0.04619285412412503,4.0,flooding
91.3433215810401,0.009192816198428587,0.01650460552797524,0.1002443598715184,0.10983761133245841,4.0,flooding
60.36125186055075,0.022217126457917992,0.023874439872982208,0.09089167523063345,0.026609307642191944,2.0,flooding
86.05344882636497,0.013820883670136832,0.015233673633337925,0.2024162523108872,0.01913267004454215,4.0,flooding
83.28916501765876,0.011087048244691483,0.017095782196692534,0.17398835682682467,0.012641208943623878,4.0,flooding
60.8830580243367,0.015794262860688354,0.028202316556367193,0.38964762047455637,0.019303764710463026,2.0,flooding
119.10167074895776,0.0062377725140368425,0.011114028672032941,0.1165223614179377,0.00026974130890051204,1.0,flooding
51.25468158233445,0.020946224529547343,0.013515790902200547,0.09975892526958921,0.006710850087912408,1.0,flooding
75.44100338099506,0.010794303443764782,0.007454105165258761,0.12336205720699901,0.01822463716560902,1.0,flooding
42.51019905724728,0.025996608037796062,0.011771365752373362,0.03899848806287012,0.0895306595576832,7.0,flooding
94.61780622064339,0.012327109762374546,0.021291242294801577,0.026242253663689045,0.04787648025394622,4.0,flooding
76.96828724823433,0.012856149277099197,0.026394638685059264,0.17364277126454555,0.017472050261603932,2.0,flooding
84.80740473549723,0.01005132387788957,0.011938328469772122,0.44379430158574673,0.0018779770081629786,5.0,flooding
95.88057601109772,0.012578693266219831,0.026098122805781238,0.045932267026561654,0.006961663402954641,4.0,flooding
101.12069928857515,0.009892390761753765,0.02105215292185378,0.18926306513825683,0.005853535800019869,3.0,flooding
117.26621529666116,0.008647691367869036,0.006173973249185238,0.39369877121792296,0.015155202647063128,3.0,flooding
109.11968921270707,0.007969166139973905,0.021745603675356984,0.09424470901690953,0.010068664935948225,3.0,flooding
65.90437565902852,0.01561931878840741,0.03194357227362497,0.12154919898051489,0.007159592893221854,1.0,flooding
98.1811786577633,0.009879914515809317,0.001078648532024093,0.2585935704766858,0.01382740684153153,3.0,flooding
46.07715385259431,0.017781611458889103,0.04005205483251406,0.24448642922686553,0.0455739012750499,4.0,flooding
50.89654858704399,0.024021734103285675,0.01389481754185544,0.1178903948107752,0.008965900208230838,3.0,flooding
76.76900937145632,0.016959412846637326,0.0035089438207315353,0.17322562885306078,0.055714521147256814,4.0,flooding
76.76996352969509,0.015175346410306233,0.02138423567976526,0.2700829583585625,0.0668238144943078,1.0,flooding
80.4600522285458,0.014158560751265117,0.02831087034775884,0.30991606583643366,0.07159339103190548,2.0,flooding
78.0157606837849,0.01670336233770231,0.017195665710191606,0.0872018300422025,0.03132179998769154,7.0,flooding
91.3102943351826,0.009359268002163029,0.023115992685970484,0.09198909734022209,0.03207802054783058,1.0,flooding
116.34763578388647,0.00733199169630676,0.041197367886245624,0.2982189301016946,0.0065820883843714885,3.0,flooding
53.815130441111094,0.017462251496550275,0.022056538993180497,0.44903928154174777,0.039532265315093205,2.0,flooding
68.59699687262624,0.015243980101528882,0.049824875847078565,0.2394253952603626,0.06692206765839478,0.0,flooding
45.941238127466484,0.020832172683410508,0.032646305789604584,0.23806303538738433,0.03341823997096343,3.0,flooding
55.998655554060484,0.01532413061039177,0.020515353190807897,0.03287438586376362,0.025809915897734223,8.0,flooding
118.98440797568385,0.008411596341029,0.02291537254086121,0.10448944712899687,0.015195842817752978,1.0,flooding
43.16453729567948,0.022841499951833835,0.016805653006339585,0.09760609845572132,3.446190870067438e-05,1.0,flooding
57.09422585076612,0.019870791213404546,0.022495779558746577,0.1925707322517316,0.03587493720180207,5.0,flooding
74.12034549854775,0.013582011690294361,0.025615578295268244,0.39323441065508186,0.0021311375832281775,4.0,flooding
63.413547781796595,0.011850778732168934,0.015958500551740598,0.2531132405555329,0.06847055445757827,2.0,flooding
83.61785578482332,0.012671031566860527,0.006200286767190236,0.40743758524790946,0.011522325922269587,0.0,flooding
119.23572645368907,0.010632556486316135,0.033212786812378964,0.38877676788924637,0.01977907307552866,3.0,flooding
96.31466221979647,0.010427784290256597,0.029734822936710564,0.4247352647269788,0.0158006891614228,3.0,flooding
2.539175134331904,0.05,0.3798684406414004,0.4962227940968896,0.037870635063273594,10.0,jamming
1.5132824393784712,0.5789125800035991,0.25808620506267094,0.6623061773094286,0.03582070771118221,8.0,jamming
1.3846535212590898,0.7080528921530453,0.318339646679887,0.49336264429259535,0.033955952193982085,7.0,jamming
0.6810467224953258,0.6985332721565486,0.0,0.7932394088128032,0.040561630187015266,6.0,jamming
2.150410893360563,0.5511670530855818,0.21084701557554308,0.7909643653261202,0.011683188774892172,8.0,jamming
1.2243704996459077,0.40189842268023257,0.36385640967947575,0.5251844423990235,0.007865333175321213,3.0,jamming
3.910496866309737,0.5424388787469958,0.17315654821666324,0.39158770692617756,0.014859784180400558,9.0,jamming
1.8387466340015155,0.9701877716011988,0.39820004404791,0.6978333329029501,0.032546609062726994,8.0,jamming
1.9332039387089939,0.42015976929017407,0.09198939076040996,0.7341606022102284,0.0036524868823392823,8.0,jamming
1.7297276550944989,0.8934332213036305,0.23649036801811105,0.7226178835204642,0.04951177699449239,13.0,jamming
2.5565962158642836,0.9411733997695234,0.44739057795882525,0.42920702640042124,0.008080076336925732,5.0,jamming
4.236364645807998,0.07923245212259766,0.11189691852228459,0.8449229717096369,0.009121793815993743,7.0,jamming
0.4403358995730038,0.5615547017893922,0.2825772602125723,0.7498579176158171,0.09493909702334202,9.0,jamming
2.416714610698387,0.30667748304089754,0.32021197174165467,0.8855095985761351,0.01417860595216382,7.0,jamming
0.05,0.14944984374489656,0.26096846148435027,0.6808642201613773,0.05488408984468795,4.0,jamming
3.8348123650512482,0.8376092513983457,0.21999423821319297,0.6151557439674833,0.03619621835297714,5.0,jamming
1.8377934786101726,0.7419968756800167,0.14484179433428176,0.6340032108772992,0.019091425949742627,7.0,jamming
0.05,0.6790378219433275,0.2735855505135971,0.7827011894536834,0.024443219521438533,4.0,jamming
0.08634029102766316,0.27435092346441775,0.2376811808787004,0.5021329825556669,0.07717972735504443,5.0,jamming
3.220835085638723,0.6631392788922448,0.07764461232189784,0.7473871342904084,0.012892610239314716,7.0,jamming
0.05,0.20686104361987456,0.3819816943800763,0.8434920372409012,0.10632318887622236,6.0,jamming
2.4174330107618123,0.6231785826520506,0.14079392192571727,0.6175747297352422,0.022338932611928052,8.0,jamming
1.3571802664528438,0.4015347482761418,0.08076212973927394,0.6644853867300523,0.004872439729537629,10.0,jamming
1.7078623009056588,0.9152372456497397,0.1785181772777042,0.8397822287220951,0.02195649195132522,8.0,jamming
0.9892309739546081,0.49105650275140267,0.14287365971302624,0.794063041854526,0.022580196136384355,7.0,jamming
0.5707250792892613,0.6693726481238553,0.21901108828541982,0.32399899216492717,0.022479044368861927,5.0,jamming
1.2688450498412616,0.6700104071867333,0.100905863877955,0.48941365865327324,0.052783935787546914,8.0,jamming
2.857955252508727,0.5772601163838692,0.3037565685124075,0.4741831208499472,0.016931815772763783,5.0,jamming
1.561124526448124,0.6315996269030972,0.4157260929390557,0.8040883175514857,0.01467218187780928,4.0,jamming
2.631849057529111,0.6911340720103556,0.2627037909982074,0.911276552330246,0.005497753158754626,2.0,jamming
1.6366402470026626,0.3310817916950765,0.07668573040824206,0.5698608010607771,0.0015585154454971324,7.0,jamming
2.916867020912641,0.7208818022884087,0.14041363894830655,0.8052319080442899,0.023012514920738497,4.0,jamming
2.6224133729189374,0.8591592489443549,0.2765536114604577,0.5222848066462688,0.018723596307649713,6.0,jamming
1.1889187260960197,0.719204413030753,0.013965558763997021,0.6841170327393907,0.008180925912813433,6.0,jamming
0.5694835254239559,0.49374797667920517,0.10206614459774169,0.794998938516941,0.009818376914600708,4.0,jamming
3.4334789524410505,0.6523204991484155,0.05229954050586855,0.6456297512212404,0.019452392471191994,2.0,jamming
0.779917191077794,0.4908716483078085,0.26385151115727257,0.8031604332302599,0.07896496891628592,6.0,jamming
2.7511774621962117,0.5643780228686978,0.5094615133923811,0.6489713155698583,0.02397664487568174,5.0,jamming
2.046639289482757,0.24369380209189484,0.09868145861502597,0.7232739519907869,0.12470679921074693,8.0,jamming
1.305406093380447,1.0140198051596443,0.34795956494299496,0.7419281693027204,0.0064360735975639224,4.0,jamming
2.6442007404395085,1.1806462612905544,0.18233483585306148,0.7818586106616496,0.039593244945432794,10.0,jamming
4.051817207868103,0.38882075978383923,0.09157925963418204,0.5516433655868291,0.10359728736674648,10.0,jamming
2.9382678517513443,0.8358512821894355,0.437695460192704,0.6137975745168539,0.04176466980613945,9.0,jamming
2.193934531514268,1.0373604563154033,0.5091813221060476,0.5999180738121223,0.021774245126284283,5.0,jamming
4.432220972191992,0.31271187927755256,0.2994235026751418,0.7529652064269048,0.016540475996898892,2.0,jamming
0.05,0.05,0.2935012766183766,0.6853996343363319,0.021626768706518043,7.0,jamming
0.33169126833874607,1.055039800812052,0.25747247141996427,0.8825223259516328,0.007567097284280193,7.0,jamming
1.3033245245711917,0.5969026127342936,0.23221042841632283,0.9054905913844562,0.0049519072484491364,9.0,jamming
4.1289850538607435,0.44415279230567084,0.2908094472354447,0.7803827309053338,0.05108165186161082,2.0,jamming
3.4142566175997064,0.6142018210395953,0.3311342101258017,0.5938973656012543,0.03886454871651256,3.0,jamming
0.05,0.4892762476419118,0.44960087603794285,0.5776502974289375,0.045893276920362464,11.0,jamming
1.3454373259389278,1.4878373154279252,0.18727200497795238,0.7941186434994008,0.015873839022235735,7.0,jamming
0.05,0.4407877403462035,0.2652863861336693,0.6749041463801803,0.028024147675771223,4.0,jamming
1.9393239785771685,0.6981976236925392,0.23938574129231555,0.8189966441695831,0.04315569100285765,5.0,jamming
3.352748556554403,0.9876737649464431,0.3728874405854643,0.56523141155894,0.12259825155604025,5.0,jamming
3.4634806972283947,0.9862281589012915,0.5380096910017143,0.6127235649941498,0.10929103236357846,9.0,jamming
2.4020132784355313,0.9287963546735987,0.37702773403499446,0.4360791217736132,0.002135971672332667,4.0,jamming
1.3624694918543598,0.4722972723802493,0.34578926926706677,0.567113323991437,0.05224753214736707,5.0,jamming
1.8569004943911107,0.5543704072686417,0.35894492881631146,0.7695638981969416,0.04324388945020184,6.0,jamming
3.024920001652559,0.05,0.4020907233950368,0.6308557665265034,0.0016325130100890027,1.0,jamming
5.520955167813089,0.577651369089232,0.5397336734893647,0.27582027635823897,0.1238298542849629,5.0,jamming
0.22235072753643825,0.6098420132795718,0.04775377019001781,0.5928447999644305,0.001859638988496601,15.0,jamming
4.383273975724399,0.8225169610837383,0.3219513928051824,0.7296426856598767,0.01389067010988146,6.0,jamming
2.3660842134511526,1.1386462088930474,0.0,0.6745002998805083,0.020420808463471492,8.0,jamming
3.230379876197092,0.8133928931999012,0.36416242036197494,0.43962117797423456,0.024923018180670532,4.0,jamming
2.277748933151021,0.9211935463246772,0.31612455452223537,0.4879824845094317,0.04256299497894796,3.0,jamming
4.106290540462444,0.5947601881712162,0.18438076349750848,0.8879540432355274,0.024200771889860157,9.0,jamming
2.4945221512326077,0.985289269087132,0.0,0.28492935723000784,0.03068535515332166,5.0,jamming
1.026857378533838,0.6033396986437847,0.2482726274919571,0.5011321409864822,0.021625202440534782,8.0,jamming
2.6751711734598755,0.9421818596810829,0.2767410703316441,0.39213883027336877,0.06125716904242176,8.0,jamming
3.690162556588633,0.8413498829065544,0.24242705889381205,0.7609945971235762,0.008910584630702427,3.0,jamming
2.0003211826235114,0.7178177210988658,0.17542864311390877,0.45083837307076097,0.036866089158068605,3.0,jamming
0.05,0.13778129395928818,0.14238537880707097,0.6645899459720732,0.10228520425347007,1.0,jamming
1.8275992943695478,0.9280041000800525,0.24378575043004352,0.3545455866290486,0.06378058184296935,13.0,jamming
2.147075459023889,0.7134406896539823,0.15377481210039812,0.5222253564573032,0.04265108869669892,6.0,jamming
1.9326079082039798,0.8107725035629352,0.3471160371038987,0.5961378583014647,0.005334540876182909,5.0,jamming
1.2567833669320185,0.6940623972694289,0.24055567152725285,0.3542945045952173,0.013210927750895853,7.0,jamming
3.9845252961362645,0.7457790755177602,0.04304008846891655,0.599299731109322,0.07299242911128831,5.0,jamming
0.05,0.990196195783418,0.27120393599866166,0.8228051362534461,0.010092117262370083,9.0,jamming
2.140965959641126,0.4578229381388884,0.2997029756592836,0.6014088355858477,0.020007777931006505,7.0,jamming
2.1619725856961067,0.7402915699142305,0.44415854494485607,0.6081432141949752,0.05422823390937196,5.0,jamming
5.142279873430175,0.36676949433905404,0.36137668773899506,0.583559820735527,0.02228721299167512,8.0,jamming
1.9783467824793246,0.7730040403721757,0.14215709332602905,0.9086952867557188,0.01728756250306132,6.0,jamming
2.6684433555507097,0.6753861392172624,0.42109917535756647,0.7686844561152318,0.06317801308620703,9.0,jamming
2.1875187701631456,0.410709379006034,0.08367613890577633,0.5789082635406259,0.032033052969642546,4.0,jamming
2.1416423357992254,0.6280991816800894,0.25338003282999694,0.8028850858562777,0.01591508669557932,6.0,jamming
4.644438450232521,0.4293872046794456,0.34048817190262115,0.812430404814144,0.017200099574158363,2.0,jamming
0.3325196921760831,0.486599721045468,0.4250434552525991,0.5769289470462972,0.005147609219273266,3.0,jamming
0.999192807625991,0.7064420795526498,0.4766681220192529,0.6982855977363908,0.004689464400632186,6.0,jamming
3.1312572509569994,0.6805196578865582,0.4029668557616185,0.7751183448632863,0.08402659345057432,3.0,jamming
2.3852605496244257,0.05,0.2336062470186947,0.6296450774812982,0.07622658665662362,4.0,jamming
1.5751568870577293,0.7111466361286792,0.3195606270603243,0.7482445970991549,0.015342693510224362,4.0,jamming
1.894163407083235,0.5090000750083048,0.2769284810686603,0.5248819167689744,0.009712342273831762,7.0,jamming
3.3708869433499076,0.4757076176832148,0.16486781394380884,0.7150972323886858,0.0011621053070918533,16.0,jamming
2.727634536189833,0.26185352711327603,0.23612497208362487,0.779368023440952,0.025571108264887253,5.0,jamming
0.9305558031003962,0.5863826095519828,0.46573845593686947,0.5821522947813522,0.04499575219743856,8.0,jamming
2.3566645194902924,0.44309471820873036,0.3275393908327151,0.44347445164719107,0.04415030483482209,5.0,jamming
1.9252962132634748,0.982056838291453,0.49712411050458766,0.7754061849769859,0.0532194455835277,7.0,jamming
2.705632556664482,0.07517063950547298,0.12010017072896298,0.42504230521996694,0.0033525942100430715,5.0,jamming
1.5183831380338781,0.31082292298244846,0.20421309410953564,0.5845073322940443,0.002247584872789169,2.0,jamming
0.1875381216182066,0.29051040881426443,0.2998310195093622,0.812563530740424,0.0017105911023323338,7.0,jamming
3.008556529506448,0.67759732254196,0.3390829431361572,0.5056866593100409,0.0058783032158298935,8.0,jamming
2.822928766262998,0.9519383893434283,0.23598590971331415,0.38626283249574106,0.019914986864326734,7.0,jamming
4.122948514577691,0.7509365359527539,0.3460601024138571,0.7744413651981086,0.002283732116501509,9.0,jamming
0.05,0.27160586420304916,0.3451549678097727,0.5395400585315543,0.008919379930316053,7.0,jamming
1.894426694306372,0.47123068900248577,0.08344925135077594,0.6425336675477065,0.012676296683081314,8.0,jamming
1.6543997100691388,0.35724698377678143,0.34041298899878414,0.8884338366926154,0.030802074066999075,6.0,jamming
1.4056767599478186,0.7523193971702234,0.3787917253650492,0.474797399631471,0.03801891913612756,5.0,jamming
0.05,0.4651289279357933,0.2855386075971432,0.5773749748429784,0.008535497850741203,6.0,jamming
0.4005730849780429,0.17616059542653878,0.029204643236666383,0.7160862746649584,0.018450320464480554,9.0,jamming
2.4057819483942136,0.7754119558182664,0.21677964510798803,0.43897073902403627,0.014664852310515996,7.0,jamming
1.2503758403025702,0.9789775600703382,0.3025528281172206,0.5621937321011727,0.024318991519475204,7.0,jamming
0.7603854322816277,0.5463982656898918,0.14611544440795082,0.7939574016958593,0.013468693624661273,4.0,jamming
4.145593786337235,0.6361201135019139,0.3601969421325347,0.5816164551014188,0.027342921219764622,4.0,jamming
5.560581648650039,0.1481096373270584,0.33755082821763643,0.7750676008764307,0.03336523681544362,12.0,jamming
1.9153549811724548,0.05,0.2661384012260317,0.7130810747289764,0.03433818419387434,4.0,jamming
0.05,0.05,0.25209281619698176,0.8033115124534755,0.018407219778940522,3.0,jamming
2.5946066187754444,0.5865834601616815,0.2731463649212027,0.7631078912991134,0.009456400222448575,4.0,jamming
0.05,0.5076174011247538,0.2495128596747364,0.5112135544116403,0.016634263102208544,8.0,jamming
0.05,0.7638697823339304,0.0957415023118425,0.7001884489478442,0.08422795839082722,4.0,jamming
2.6204733887284544,0.5407040477607035,0.19838717031061123,0.7124567849335263,0.08366515613101366,9.0,jamming
0.05,0.8963285510219345,0.25869706810351,0.41120027098679107,0.038536720508690024,6.0,jamming
1.5559492185633685,0.861679979410571,0.42023233953435185,0.6312133956642838,0.10286145664116116,7.0,jamming
0.05,0.5032620225395967,0.33304527370097914,0.47060709444057836,0.15050901725385962,3.0,jamming
2.0843892718031887,0.29896833781281323,0.4266781565463731,0.7731172980317045,0.06667800086566664,8.0,jamming
3.6848607376388256,0.05,0.08140538862322375,0.8258321532007143,0.003727921583716178,6.0,jamming
1.0807269686365104,1.030070715947882,0.20725872837753107,0.7032769802522916,0.02365464986416587,2.0,jamming
1.970875372351281,0.31724219852842916,0.4988629747078677,0.7085968671600434,0.04165168683946699,5.0,jamming
0.7762310617807033,0.15106981986675921,0.16084381621181373,0.40412169922508767,0.009516449220451537,10.0,jamming
0.881316000390298,0.6389572209258781,0.15844867541010035,0.5662210754530227,0.01610383979095628,6.0,jamming
0.7529440732165118,0.1537375992986933,0.21738943984983805,0.8602572749204803,0.011591057424384259,3.0,jamming
3.178895199646603,0.638655387166444,0.49217340923176134,0.660216302826842,0.0008052916221270255,9.0,jamming
0.05,0.4991067472383165,0.16941709777659406,0.9424229434708795,0.0009850543310073346,8.0,jamming
1.5022188944406207,0.8771036827496679,0.3168981375288846,0.9756441650062886,0.0025750486699509917,4.0,jamming
2.614725314695656,0.8510088996054219,0.2970440860330832,0.6763017415903821,0.029391931733698775,6.0,jamming
3.364697574594044,0.9309967810633584,0.018581341295100084,0.5972516591981101,0.02646316928314493,7.0,jamming
2.660911063432261,0.6618785183524762,0.2481187242154043,0.6096746955707087,0.04337441679526829,2.0,jamming
1.8910498125695092,0.34249800307994244,0.18364897683430084,0.7502362834753523,0.02721682747622329,2.0,jamming
1.1466665627895511,0.2889342486132566,0.3313566415955267,0.4204416878764823,0.0003920737542859477,4.0,jamming
3.3879745202404115,0.4407910280346107,0.4586884286432784,0.8948758862430879,0.0008593565202350561,3.0,jamming
0.6991635107354357,1.1982824547785316,0.2086541995366007,0.6711910714009434,0.016998414548283228,8.0,jamming
0.7216948896164117,0.5252435806021044,0.20864911760077226,0.5037762973810571,0.05613682679311513,5.0,jamming
4.028748695336554,0.6483046489200277,0.5521393883898771,0.46856751503188165,0.014831241948243442,11.0,jamming
2.5403926105061503,1.0555787221150326,0.16461501842274295,0.4803597960200393,0.00938186119573335,8.0,jamming
2.593409693328077,0.6763839386645654,0.08883980195986904,0.6140520004692128,0.068751535612731,5.0,jamming
2.897823864743603,0.3754045980359597,0.41530862916278627,0.6468221955196548,0.023345345449436956,3.0,jamming
1.8577175614234651,0.8190473024476045,0.24392397530556914,0.7600763208577554,0.016779995896236608,4.0,jamming
0.05,0.47145725742415556,0.2839983326813864,0.8261511701819055,0.05039287038420209,4.0,jamming
2.3767498789901786,0.6867375770823685,0.517780731326944,0.6691299013704539,0.02660289481681789,8.0,jamming
1.9726485843333272,0.7536470555230125,0.08164251313995452,0.6955113709134318,0.017443449704641293,5.0,jamming
0.7113911220041127,0.4517084403455749,0.2265445038977172,0.5382203119862212,0.12901967787021718,4.0,jamming
0.36642210296009914,0.6559114698329872,0.10164773885287284,0.5819169621308755,0.019182102134690137,8.0,jamming
1.9301942369314484,1.0800138605586462,0.2902220149397136,0.3871457700801896,0.07859015839422703,6.0,jamming
0.05,0.4120395798801958,0.18363956061381043,0.4815781021177195,0.055513548667182076,5.0,jamming
1.7848880049581775,0.9950677748968011,0.10924748945027132,0.7144420564157166,0.011272328486242097,4.0,jamming
1.6039402995849177,0.4228509605622186,0.3378732946381506,0.7770875386597311,0.0010747336369233034,6.0,jamming
1.8212753988935226,1.1406206424801555,0.2512394939659082,0.8439879090621701,0.0013310804170202767,9.0,jamming
2.6039838563137048,0.3433542153070458,0.09980418297929458,0.8513092481426713,0.052649324096823685,15.0,jamming
2.9329318178231745,0.48184328921472624,0.10715644037111058,0.7095920672896318,0.053552572396052586,6.0,jamming
0.9327545080939916,1.0524767324601427,0.27493698380028914,0.7384773612302838,0.02799734564359735,4.0,jamming
3.30468727031304,1.0656698252599481,0.04950714021864497,0.7449129233442301,0.02201631825643721,6.0,jamming
1.6709439228913847,0.8455279980305641,0.27729811220463324,0.9196167267696188,0.0381198555560433,7.0,jamming
4.629952078235825,0.2754451494430599,0.41074682208451463,0.8203446660275606,0.09475590545595687,5.0,jamming
1.121868631564278,0.6247227713914153,0.3300472353904318,0.6059421972486969,0.057670230607182724,7.0,jamming
0.05,0.6003745957670941,0.175200988243288,0.5938435400109995,0.007531522689714174,9.0,jamming
3.2504631016824987,0.3432560721994161,0.2829208325905097,0.7867713831980221,0.03162988756378577,5.0,jamming
2.638431370670869,0.8090511496356732,0.09981085729718459,0.6160595889278526,0.06786999818676688,7.0,jamming
3.802492248582369,0.3669920708810263,0.266354062484262,0.7269703751221048,0.032282375715433916,5.0,jamming
2.4644657122860134,0.21282318375762072,0.21077805707986255,0.6913747764910403,0.03286528574004069,7.0,jamming
5.510013362698107,0.11373973551367922,0.12527783087596586,0.9443337974931086,0.0028497623454549668,4.0,jamming
1.7166679872435666,1.1136885854083283,0.32484600431533817,0.9186257276144755,0.0019795903202435277,6.0,jamming
3.569452798558427,0.446855017840256,0.012703128284992649,0.5651915546757331,0.03734285517458975,5.0,jamming
1.2118139217706758,0.4531484335438014,0.10770246722527557,0.8445216981883468,0.02658335209442226,9.0,jamming
2.7376647895010042,0.29079907036122615,0.12213026125757401,0.7308870278834423,0.04312045310492746,6.0,jamming
3.017033660594086,1.0103774189203305,0.18942309322188236,0.8820696149267159,0.014432835485876212,7.0,jamming
3.248844184362454,0.18592492949942308,0.40592049617601167,0.8875090809444194,0.01258919547490771,6.0,jamming
3.16448986496473,0.23875986475285194,0.3405111843607192,0.9294140171018885,0.03783037475019411,6.0,jamming
0.05,0.503451569771118,0.2626374475445216,0.9280027538050803,0.020467895638225878,4.0,jamming
1.896984116377097,0.5935299553534756,0.25697968975734486,0.6960855111938955,0.019511968467623198,3.0,jamming
1.1373385401838552,0.7975905751332177,0.24858916748890528,0.6000060845563594,0.012216918674861497,4.0,jamming
1.4331721492902816,0.3973214389177402,0.41461899399501434,0.5428846174426413,0.06841138231962836,7.0,jamming
1.5748853378446999,1.0633001431171465,0.032117380648638644,0.8321624367956024,0.007462945336426979,3.0,jamming
3.4662109999422173,0.3993636794420172,0.34258696459452137,0.7826460860344002,0.03320198446943865,6.0,jamming
2.303868819452061,0.2974257165009093,0.18901670021393546,0.4818108933403211,0.05559975676302303,5.0,jamming
1.2387151061149027,0.26886742131147473,0.3103588381955698,0.5938521853314559,0.017509129125104148,6.0,jamming
0.05,0.3678326257239619,0.31093311555808856,0.6946820340205391,0.007420048615130379,4.0,jamming
4.299586490303954,0.24943726509243946,0.33798939303753417,0.8140750193982875,0.011215019361132438,5.0,jamming
1.0290230033210466,0.825271430799718,0.4400376997731304,0.6990976324407538,0.019465324789177233,4.0,jamming
1.8039403303861647,0.29974747924231754,0.08547574706960959,0.9336224896209853,0.003968429933420813,11.0,jamming
5.2083033270589905,0.5601513330428731,0.37065336419304773,0.4190212704938566,0.041609948950329746,4.0,jamming
1.0698386334706205,0.2911351973108485,0.24233741557255037,0.6018598051659008,0.007628389371661818,1.0,jamming
1.5864811584871297,0.2476616771912281,0.1946972848028194,0.464835916189602,0.10938753705684562,1.0,jamming
2.348268925738549,0.9319609538268426,0.4940514545245247,0.9158152536137416,0.0048868404566612305,6.0,jamming
0.05,1.0808326737430565,0.3342293487340856,0.5310530421950039,0.07110861082004295,5.0,jamming
0.05,0.9807003625808813,0.19993545264857335,0.5280633969717075,0.05278251822150616,8.0,jamming
1.2775801970925245,0.15859924679989873,0.3648774791735556,0.38673191307908716,0.006353299191225881,5.0,jamming
1.329495331254043,0.20022381684382068,0.2444729829961495,0.5131683247972625,0.0003562028108664234,10.0,jamming
2.2013393229611804,1.1935137227757484,0.1980538179290828,0.6171614299279597,0.00906142268435494,8.0,jamming
0.5330085015435209,0.52370018398749,0.1772695468219218,0.45110368258938666,0.0358962339601623,5.0,jamming
2.6509706486504916,0.18756141679828547,0.2865475810948347,0.9095863378350788,0.012914863348253484,13.0,jamming
11.966804011318334,0.08851902486060714,0.02154643287609426,0.42723927295326847,0.39008418935833966,7.0,loss_retransmit
8.30499560156755,0.11679773047393767,0.028928126737625105,0.514403738030102,0.4985489711091508,8.0,loss_retransmit
9.10895913317692,0.09243326075810931,0.011217928434592874,0.6466445503935933,0.2681966969795495,5.0,loss_retransmit
8.513125790871607,0.12498964638516462,0.015840352847475345,0.33971461922772617,0.4689599604684671,7.0,loss_retransmit
4.737416642734008,0.22498259722142824,0.01268878646457463,0.4757156599151576,0.6200854669831405,8.0,loss_retransmit
11.543514386969395,0.10852566895765892,0.02122842712504716,0.6110638281148332,0.38998472296531167,10.0,loss_retransmit
10.351038416692262,0.09678002482008181,0.013507789348850845,0.35878025793166857,0.5856863471393339,10.0,loss_retransmit
4.259980859539144,0.2390858703679281,0.0204331343183648,0.4205218374645766,0.3002118841009453,8.0,loss_retransmit
11.003508166453717,0.09533529815492135,0.012613614432983453,0.41670814107536014,0.28868744333245994,5.0,loss_retransmit
8.39312539061097,0.13193541580959137,0.02846242499258146,0.6311833246267688,0.427363883439027,7.0,loss_retransmit
10.977092071491764,0.10024975784049622,0.001850854831955585,0.5640110599380027,0.3630177128514304,9.0,loss_retransmit
9.151580159506874,0.1128102561068662,0.017261193608826025,0.5312096766631204,0.3762356083677732,6.0,loss_retransmit
6.285321503654455,0.15857707518070246,0.014936751899296382,0.5363628820359343,0.32763820794610504,7.0,loss_retransmit
9.052707035208831,0.12017603524012695,0.014719591388166604,0.32451167954319415,0.5498857473009886,5.0,loss_retransmit
7.2030951489448105,0.13779740583802796,0.01671236535321323,0.6744475168328392,0.5546748089722584,5.0,loss_retransmit
6.5542299517075016,0.1341190500281771,0.015350603565479192,0.338492638779628,0.3730824740127019,11.0,loss_retransmit
10.7340580016578,0.08017494954166254,0.016314230811750055,0.44221795969575983,0.3168527193816466,8.0,loss_retransmit
9.78309119957604,0.09926303957237885,0.017448603144344696,0.5405930636890527,0.23879150733218515,14.0,loss_retransmit
11.995137554699417,0.08437328462530261,0.025493886128869846,0.5167366690565767,0.6345007607520943,6.0,loss_retransmit
8.211230027800704,0.15593752871417135,0.0,0.7101323922412794,0.22170143494603128,8.0,loss_retransmit
7.074193206311349,0.1396723502075411,0.02608247750641237,0.2766258892275641,0.6381841320235945,6.0,loss_retransmit
10.27760883338528,0.09775337296683467,0.03035878811010971,0.2603564782522264,0.4431444361883114,8.0,loss_retransmit
7.332636072674763,0.13097243941486264,0.004493523695120212,0.6036498861085501,0.22252888501780338,4.0,loss_retransmit
8.379610291197809,0.12695522490154948,0.015287138386194152,0.39245564814516865,0.4522375555779793,11.0,loss_retransmit
10.050190870251784,0.10232949601147524,0.023227755616760798,0.5112536197213164,0.3330701277620582,6.0,loss_retransmit
8.748108731399666,0.10724158474745434,0.02051119942616223,0.46857231361433327,0.6065177671106683,5.0,loss_retransmit
8.02253804374804,0.1126577420932591,0.02505725712405268,0.333969532807662,0.20336191728714137,9.0,loss_retransmit
6.194675740530608,0.15506252472048598,0.017231659836671187,0.7130345901502971,0.5926704426486474,5.0,loss_retransmit
10.873782811424572,0.08452636742436265,0.002803239912051801,0.8453222117595454,0.4585491177922914,13.0,loss_retransmit
8.263146281058933,0.11825387084404873,0.022827776872519058,0.6802644448711361,0.24396972611106432,12.0,loss_retransmit
10.236185906685973,0.09908461455902921,0.01881285421189499,0.729174127777934,0.1740744117276704,11.0,loss_retransmit
9.971985160323399,0.09537879215107374,0.023798061222338053,0.7983301285344553,0.3500144671480111,6.0,loss_retransmit
11.182574092524693,0.10342518337092338,0.00579606001110473,0.78207556734065,0.337126093994457,7.0,loss_retransmit
8.528863305075905,0.13166208318872877,0.00770406192309037,0.4065866331740246,0.5574191900689739,13.0,loss_retransmit
8.304562461795156,0.11768298674873721,0.01509873754030682,0.6457051568682086,0.12629130091576862,13.0,loss_retransmit
6.783463035680972,0.13386755445017653,0.02299856384535164,0.3175582405808756,0.09664518674633349,6.0,loss_retransmit
7.914698383979633,0.12597132702106514,0.024669534923496737,0.557133494501709,0.7510480854879056,11.0,loss_retransmit
9.682326921741899,0.10190909468653475,0.010645524135520949,0.26643405035586454,0.46766069453198456,9.0,loss_retransmit
7.365891088561231,0.13491122927188437,0.012561367800074516,0.5905609684686194,0.6292736202527716,14.0,loss_retransmit
9.63157395774821,0.09977384853127041,0.03223176618959636,0.9348455400941222,0.5210974513078709,9.0,loss_retransmit
11.934584049627396,0.07544283786306763,0.011683324215621606,0.6373964530521196,0.24675068292186178,6.0,loss_retransmit
8.109575517613457,0.12374199395188036,0.01905208549668704,0.6538998461689972,0.4195816624956889,8.0,loss_retransmit
6.371260981826913,0.15154330126150795,0.012288939012995388,0.7484917362473732,0.6088324974998788,9.0,loss_retransmit
8.173197695399232,0.11918793304576479,0.017848556557145272,0.6861335773027706,0.5946418391655277,8.0,loss_retransmit
6.154680030963334,0.16401184005120029,0.009802001155696193,0.4224982636934552,0.18263869726741058,8.0,loss_retransmit
11.668447072007321,0.08510885386535945,0.009972985097745019,0.3465705250847583,0.47510938267343655,9.0,loss_retransmit
9.169702671511049,0.10984523412164485,0.012775302204203772,0.5391895464369978,0.3295768885506115,9.0,loss_retransmit
7.54309253250271,0.12740929094608733,0.011728696230100857,0.32228151480359635,0.10102143048098255,11.0,loss_retransmit
7.880287638796943,0.1315524133116714,0.013175299867696158,0.5341068490500571,0.454369041791473,11.0,loss_retransmit
6.635773852378708,0.140260312044556,0.018155108558022354,0.6028827426342417,0.26071042647346276,5.0,loss_retransmit
11.022280357246675,0.08137290948424813,0.026342270800302756,0.29210333178645076,0.7142156218124418,11.0,loss_retransmit
12.674392420155199,0.0721807766996124,0.011456969751252004,0.7089744846933629,0.36598433220872933,11.0,loss_retransmit
6.011814394333847,0.15545553306139942,0.009069204871991185,0.44525552764542914,0.4541018579972466,4.0,loss_retransmit
11.086521911885178,0.07930054447518514,0.015057055607093354,0.49240379128085127,0.44983871956024774,6.0,loss_retransmit
8.508298525999287,0.09923022170850372,0.009891921236688762,0.6273120720442477,0.21221888409765752,12.0,loss_retransmit
11.534980708275894,0.09116920270230498,0.005189200264688295,0.367167592257291,0.5030306889856352,9.0,loss_retransmit
5.332343691896918,0.21302057145499848,0.021385596174123483,0.4966381015984364,0.5774415786582053,9.0,loss_retransmit
9.450789399156541,0.11188006115454752,0.015483038031240636,0.477633257126867,0.4997470956860637,6.0,loss_retransmit
8.184201045766724,0.11642415082106,0.016070960678113706,0.5077507579797913,0.2105959679629893,3.0,loss_retransmit
10.318178091539364,0.08163062243338629,0.0034370146837373362,0.5315210260557618,0.48347850707110196,9.0,loss_retransmit
9.122283754444004,0.1117461174737164,0.011491426594443369,0.7050200887808358,0.47876730151554453,8.0,loss_retransmit
9.04451202617037,0.09414785096602744,0.006504739390641452,0.4953917108928553,0.35703293679602166,11.0,loss_retransmit
8.78802687507615,0.11280933941298879,0.014877180617084252,0.5310047906779661,0.28847841260495694,10.0,loss_retransmit
12.12459774549694,0.07613903376569094,0.015805949513358987,0.48948913812627926,0.620953159592489,12.0,loss_retransmit
8.650052569433981,0.09203145440192406,0.015801595696410424,0.4782719158830611,0.282865809526051,8.0,loss_retransmit
10.728566494726207,0.10808292315282117,0.010998324331738559,0.6561781680669188,0.7235822586163222,6.0,loss_retransmit
10.25702667795531,0.08598835575903878,0.009882175918511945,0.5517206097054489,0.47661477666190927,3.0,loss_retransmit
10.777618213753616,0.08954171251661197,0.013840701715042036,0.3383404021811455,0.15220469956742874,11.0,loss_retransmit
6.9704991072916105,0.14162339502531507,0.01714207449691192,0.5744173758948289,0.5128410284108873,6.0,loss_retransmit
10.414346132670167,0.09160867025595104,0.011524712210442493,0.48667915117955524,0.3936563665266738,9.0,loss_retransmit
9.67373887241039,0.1082884408068714,0.009375561225426637,0.5571433227357416,0.3791786934572882,11.0,loss_retransmit
6.621086932191639,0.14024609401310148,0.009631723677660757,0.3677280632669847,0.34818690172099587,12.0,loss_retransmit
8.575208578662904,0.12115500834314849,0.01104942419651311,0.44528298921738446,0.6351013576339276,10.0,loss_retransmit
13.588559149188862,0.07597296643991187,0.012284103515783499,0.6501562817053533,0.347591048834106,7.0,loss_retransmit
8.216387120497442,0.10604351402363664,0.008410911983623497,0.632145587727101,0.3749613727833976,9.0,loss_retransmit
8.264700469082339,0.1238840245544163,0.012326933681348467,0.3509424592281203,0.5664079545979206,12.0,loss_retransmit
9.90142019849559,0.09089271388640853,0.022416805416875275,0.6240443340186634,0.4522364112324859,6.0,loss_retransmit
7.9182589274170265,0.11239504502042286,0.013232962539421179,0.4944707246621218,0.37644694591585676,9.0,loss_retransmit
9.280906353024791,0.11092478157853093,0.007566901691589172,0.1812434869354028,0.41892932215271,7.0,loss_retransmit
8.102181739347007,0.11848501865653491,0.0014490396867720082,0.6238448058411624,0.2781451468680869,11.0,loss_retransmit
9.804772222624194,0.10586660071716228,0.026018320303348462,0.2697165195559999,0.2715457565028123,4.0,loss_retransmit
8.876225629009282,0.11704432158526035,0.021835919424131975,0.5591352710522322,0.44747634960312754,5.0,loss_retransmit
12.903985591229048,0.06718288434820799,0.016707627938319355,0.40539973755841663,0.19130664209211545,9.0,loss_retransmit
9.092013919005488,0.11844167331000918,0.021976219377319285,0.4620090087151804,0.6285899244355377,7.0,loss_retransmit
8.554778156498907,0.12027333481911781,0.01816557433830657,0.8753435113471296,0.19374976112105954,5.0,loss_retransmit
11.058872500301929,0.08527304949170332,0.014545978930155547,0.4718597331815651,0.2665858619607675,10.0,loss_retransmit
6.217831063282109,0.15865733316750727,0.007558869675680408,0.5355739144516386,0.3960784555487847,3.0,loss_retransmit
12.38344507934936,0.08720913107198136,0.026451801133396482,0.45784202443546473,0.4118490573475672,9.0,loss_retransmit
7.02303852641292,0.13790957400930784,0.012377753643402689,0.6286573745023581,0.29775959014076975,5.0,loss_retransmit
11.38489523962867,0.10852642904652117,0.012705659168875852,0.5562326371945375,0.6210683533123746,8.0,loss_retransmit
11.913219486020619,0.09743406705356061,0.015224740706493592,0.9196150253872059,0.5116081983008007,7.0,loss_retransmit
7.948387435839637,0.12728956893537904,0.015327728121564665,0.5287289561953216,0.12904125575838216,6.0,loss_retransmit
8.140574173298758,0.12007251058313237,0.01844824208748799,0.5065860709329855,0.579346153569755,11.0,loss_retransmit
8.781643971923687,0.11179024472055848,0.01775752535915063,0.8901916732933381,0.4174162758093769,9.0,loss_retransmit
10.243092776511348,0.09193541657563672,0.011538818103062074,0.4250389487150373,0.4320951437354968,7.0,loss_retransmit
7.003883721876152,0.14457705761376446,0.015155320060552742,0.5686198625738119,0.6840495952259483,4.0,loss_retransmit
8.781547666958424,0.12198002174396172,0.018258470646081874,0.28151871749742796,0.33417759247601925,8.0,loss_retransmit
8.373150462336197,0.10435277805517092,0.011028055058710264,0.6783664719847454,0.720166158457752,7.0,loss_retransmit
6.697375145353494,0.15922487430602314,0.023679929149645125,0.5380937312516207,0.5205518950055389,3.0,loss_retransmit
6.90999145448233,0.1588788536712445,0.014878488411106281,0.6644460157697727,0.47689633867463627,8.0,loss_retransmit
9.25649385562874,0.11439388463399451,0.024590854815968892,0.5693347739596958,0.5107589636330832,3.0,loss_retransmit
9.221050707672278,0.10704740858731106,0.006647186519553396,0.6198032252021699,0.15942798347243903,7.0,loss_retransmit
7.472045550706768,0.14112549562784588,0.018927773424993265,0.5961044091894869,0.4767357228756436,3.0,loss_retransmit
9.158484056480917,0.12433788128731242,0.009657782016323427,0.2707847170884848,0.3713939651291818,7.0,loss_retransmit
7.706094478681133,0.12901444221175318,0.011193170342044725,0.3874270965040828,0.5834572907040952,8.0,loss_retransmit
11.614182022324357,0.08630515743139709,0.020429106717246463,0.6900501733701504,0.48722583506490225,3.0,loss_retransmit
8.794036233491518,0.14074306278324303,0.013629136442354094,0.43347219737466464,0.4207030208811312,9.0,loss_retransmit
11.195069969256924,0.09211208561407881,0.030584471048595636,0.7731873505589248,0.5347344298208304,7.0,loss_retransmit
5.614620766204558,0.16103984766196847,0.018108167313887383,0.6047495330166328,0.14440688883475744,11.0,loss_retransmit
9.645531649161953,0.11313226685782246,0.010825345908407781,0.5509042374840325,0.48701396364685945,6.0,loss_retransmit
10.192157515539083,0.10213862054407476,0.018118804055932244,0.6805243304408711,0.4973457919322478,11.0,loss_retransmit
8.724233261165736,0.10735155295374378,0.01357680010380096,0.6870237868835242,0.33872096433654786,9.0,loss_retransmit
7.922293083069929,0.11303294952853887,0.019992307033064986,0.5326096966259367,0.08208793619512912,6.0,loss_retransmit
8.692231097674034,0.11782322587799259,0.01322287991007286,0.563932318527029,0.6692976718592687,7.0,loss_retransmit
10.484930351053007,0.09480348407432615,0.017440059256724327,0.3325856223198903,0.08913389013693582,9.0,loss_retransmit
6.578933459421821,0.13421696814719905,0.016190594658410672,0.6540534313527088,0.3512108433001643,8.0,loss_retransmit
10.400979608814865,0.0952979127130115,0.015470572986233872,0.68284416345163,0.3181901098755658,8.0,loss_retransmit
9.636731412141176,0.10220999196013705,0.0212507895556851,0.6342176005024492,0.5049464536872379,7.0,loss_retransmit
8.47841507660016,0.11721270782210508,0.0041804847364920236,0.6995099633326749,0.17786740942671622,3.0,loss_retransmit
8.563874688640938,0.12265327941747876,0.015585063294801053,0.7237141901563874,0.634987789746989,6.0,loss_retransmit
9.123720344767753,0.09189882750561343,0.01079295505044247,0.6697062156702186,0.3936953477370797,9.0,loss_retransmit
12.317239143309752,0.07264194999674113,0.006908094517843742,0.5645133896123579,0.2819541151038119,14.0,loss_retransmit
9.696004889148343,0.09823345230314046,0.009973155005709621,0.6032729336380656,0.5571146161382189,4.0,loss_retransmit
7.114615691114258,0.16048844904920842,0.011281476531016542,0.49081051707913537,0.5026615112165829,11.0,loss_retransmit
8.129403672484637,0.15587367299736604,0.013587976109185898,0.4557762205183794,0.326549200567,10.0,loss_retransmit
6.710843674552667,0.14908474424240645,0.017023976097514628,0.60664922911344,0.25226590748589983,4.0,loss_retransmit
5.220423427048996,0.19242977120970656,0.018253759579735462,0.9075137080407055,0.447446296350323,7.0,loss_retransmit
6.67572444685082,0.1173241977463301,0.012545590466212718,0.2680592621593433,0.40199264480294195,13.0,loss_retransmit
9.240152725665437,0.11846802596301802,0.02450773982973079,0.6823264411650388,0.40413924619665015,12.0,loss_retransmit
11.54791489496499,0.09057831016389012,0.012772019854404975,0.8110574350855165,0.47999174387457516,16.0,loss_retransmit
10.991546797546762,0.09359176112582329,0.0033212604379094304,0.5805615317154273,0.696844742177118,11.0,loss_retransmit
6.689478428624922,0.1319730911830387,0.012932451808847332,0.4227699936138116,0.404284703761069,7.0,loss_retransmit
7.404699950091399,0.16461824857225751,0.015282962056812874,0.3154742768318014,0.19045344653379476,5.0,loss_retransmit
7.122632253540272,0.1634541000446445,0.0,0.8799900306320996,0.33839937557363825,6.0,loss_retransmit
3.836781108893346,0.2684210640151258,0.02224401549077912,0.7947991069396937,0.42377663307506225,11.0,loss_retransmit
8.66471809491853,0.12744633394157653,0.014405540006902898,0.6397059620056178,0.20311127502883158,8.0,loss_retransmit
10.606509909721808,0.09476482723061644,0.008085624978448096,0.6193678642932919,0.22068039924468963,7.0,loss_retransmit
8.495219225966775,0.12778631097039386,0.009239222960282017,0.6528340639215957,0.473437397558607,5.0,loss_retransmit
6.46436689675498,0.13573779116214568,0.019570349996334238,0.4096458792519992,0.49005327766210127,9.0,loss_retransmit
7.3097035017258065,0.10898188123614279,0.02030352707074805,0.7880284203903128,0.6916836345544044,8.0,loss_retransmit
8.34230640083597,0.10557972997101714,0.011107404200255824,0.4981905822443076,0.2717575275009582,12.0,loss_retransmit
10.540440031898424,0.08752178456605912,0.006868250293610869,0.5376313256938667,0.4853313719568674,9.0,loss_retransmit
8.634364076218674,0.10859756240550301,0.015785283246770723,0.4909022491522251,0.3209181309688174,10.0,loss_retransmit
10.269818612846402,0.10183534002762909,0.016886458579839937,0.5459683967538412,0.6105836184399801,12.0,loss_retransmit
8.837317323333538,0.11028170963479522,0.018391615976144936,0.7398465531486376,0.6233231815329974,7.0,loss_retransmit
9.473577962063237,0.10525460291878273,0.01162123585828551,0.4482570514996759,0.3208069686031061,8.0,loss_retransmit
7.119661729609602,0.12476526425514466,0.014267406855297015,0.34028991964243954,0.1295790231786479,9.0,loss_retransmit
7.628310392562268,0.11544246830962411,0.015120856709235044,0.3858373507084773,0.31314883840111457,6.0,loss_retransmit
6.488380668216847,0.15475645584491385,0.02080087081731044,0.7944443500958365,0.5599677010728261,8.0,loss_retransmit
10.203310826740903,0.0928358162824843,0.02297582169836819,0.6281981299504494,0.384885374708007,6.0,loss_retransmit
8.417629740345756,0.11885253603411401,0.024604142980103674,0.7519362234204569,0.3845371568529309,10.0,loss_retransmit
1.8047385666023716,0.5850980690908012,0.022814883092677415,0.6283601329582675,0.4670138151769235,6.0,loss_retransmit
9.962308834795719,0.11826111700763467,0.025880767045617505,0.3544862932140358,0.46177435097160774,12.0,loss_retransmit
10.948282551800546,0.09115191060808751,0.02107896643869357,0.79273220941152,0.5942833995527014,7.0,loss_retransmit
7.376578913594005,0.16251652675694306,0.011463882709279496,0.6900743914444775,0.4159809454724692,5.0,loss_retransmit
9.960569931419723,0.10455868256252439,0.024201051506679977,0.38794234459062205,0.38699924020301707,5.0,loss_retransmit
8.58054457097806,0.12486188779625006,0.0067414773116068905,0.8030945517386225,0.38350446397967364,12.0,loss_retransmit
4.76435906126955,0.23320100657323187,0.0291867889648547,0.44403914321813454,0.1289852528969513,5.0,loss_retransmit
12.905935199496863,0.08326619449035673,0.009148587988722274,0.4203614936725784,0.29346869302249373,8.0,loss_retransmit
8.592560740103144,0.10741370683697651,0.0203258885925813,0.10062628587333479,0.39155317247351407,9.0,loss_retransmit
9.402831633508127,0.11851622861929419,0.02366552274502575,0.42289950987973923,0.3626164357437339,11.0,loss_retransmit
7.750817982489884,0.12428143560551361,0.017755739652946523,0.6894726226173007,0.08649771592870771,11.0,loss_retransmit
8.408939657707913,0.12256343908795414,0.0026978908550641563,0.44418644099603755,0.5956290870466823,12.0,loss_retransmit
9.323324805337641,0.10869231538458317,0.009312336412646878,0.6672800664674192,0.34630699204864246,10.0,loss_retransmit
6.9149206972707375,0.162143771283404,0.01714088146160003,0.5964061703637518,0.3210218806097784,8.0,loss_retransmit
12.387929426066684,0.08395990825253544,0.018813725170417767,0.4296270548840842,0.26474199815373106,9.0,loss_retransmit
10.676293515888133,0.0815416150640492,0.013927250336475884,0.4798844234348178,0.2612092125324676,5.0,loss_retransmit
10.033657078799152,0.12285143812310219,0.01544601208212028,0.5617511282569885,0.48799939193377245,8.0,loss_retransmit
8.716435352876015,0.12471589364706814,0.0061865886661360055,0.4634890274379784,0.2812116228088277,8.0,loss_retransmit
7.4775625630488065,0.12657045885494128,0.025646113805491734,0.19476918688358077,0.46975560886576495,6.0,loss_retransmit
11.060179226491387,0.08069480175785336,0.01273239801153589,0.5644724083772322,0.11952650792020071,5.0,loss_retransmit
10.22138682320209,0.10757625567182877,0.019732552358785918,0.8329325420121064,0.28528066512426375,9.0,loss_retransmit
8.201155175733403,0.11012032463004973,0.023421372484570574,0.7005341075956381,0.4365473242154108,11.0,loss_retransmit
6.8309557699493215,0.15859636115593803,0.008069740030808832,0.6407003343092125,0.1863939079126491,9.0,loss_retransmit
5.848194660069032,0.1902864476940928,0.015768092080971012,0.7196894638634929,0.20572298006124273,8.0,loss_retransmit
9.057144427952094,0.10346409326323305,0.016667950381822012,0.6380929047322569,0.399504871766168,11.0,loss_retransmit
8.502151716693543,0.10923891066742722,0.013451696233091434,0.6091659409014698,0.20426814676500687,4.0,loss_retransmit
11.37124907508675,0.08390165856119966,0.020564131035384667,0.6377251923844633,0.3851855500920873,5.0,loss_retransmit
10.98440905143149,0.08246635220139176,0.010996534308112878,0.35695401885228145,0.3151185583801092,10.0,loss_retransmit
9.077788611764916,0.1127171424849716,0.01532986547758446,0.8493762024354812,0.46959345643879563,12.0,loss_retransmit
8.837760604103774,0.11744259827558384,0.01277463067667989,0.6684525454514678,0.25754608485134883,9.0,loss_retransmit
6.69582548557086,0.16061661022472326,0.028953257754472994,0.5183726321138873,0.24454913680169224,11.0,loss_retransmit
11.121955016216537,0.08272333986856631,0.01102320195931892,0.7043707757036672,0.41790596697095667,4.0,loss_retransmit
8.886540214889767,0.12239009202055623,0.019469675508486037,0.37087456325519147,0.4817847225692695,9.0,loss_retransmit
10.21056196133842,0.08872706772303543,0.025779843342374015,0.521957975157553,0.4598694097012213,10.0,loss_retransmit
11.353608242851015,0.09579005902045289,0.009489808439808605,0.45912066267833224,0.29145544845943233,7.0,loss_retransmit
7.8687848355954655,0.10952859953720351,0.015571997695024221,0.4982904969736041,0.20758293419925897,10.0,loss_retransmit
7.344168598462424,0.15927346969638262,0.00908152242565937,0.6687034077883933,0.4905725464423656,9.0,loss_retransmit
13.937411343894999,0.06810338694179058,0.0029224792889205164,0.5789590640626886,0.5867943613199073,5.0,loss_retransmit
10.18893756215099,0.10420515351328517,0.010289895306873662,0.6167781931736586,0.6096485087299979,12.0,loss_retransmit
8.442803081004847,0.12675892534632013,0.01157782003642332,0.1342132251478301,0.36927806975759475,7.0,loss_retransmit
11.479791507204782,0.07672392719308672,0.011934430108514747,0.6310831217165479,0.7364181008534272,3.0,loss_retransmit
8.383486109163567,0.12967155635778047,0.013202140989568423,0.41623570617465955,0.3447166146861554,10.0,loss_retransmit
9.650970768384315,0.09806416192971985,0.01503676444632137,0.25944891789494107,0.4752816873816385,15.0,loss_retransmit
7.863533468803334,0.12333594109809602,0.007819190334014983,0.6811693529183136,0.3144998094522785,9.0,loss_retransmit
8.966058991479352,0.10430161308984646,0.017109721294979043,0.5230007932876696,0.46376914396336905,7.0,loss_retransmit
8.451859737495942,0.13903811884956704,0.022279992631078188,0.40675892991860696,0.5329551559181918,12.0,loss_retransmit
7.4962381637276145,0.11867118144710559,0.02298387132771184,0.3605819989412627,0.2719744322691792,5.0,loss_retransmit
9.485724981790273,0.1100567368117963,0.01343895434059642,0.5502782421078101,0.4385479328344096,8.0,loss_retransmit
7.722809637141292,0.12165764558316736,0.020363327412887287,0.1581236265842903,0.3550959323684197,9.0,loss_retransmit
9.70620127329872,0.2692834629751537,0.08218942535669901,0.07847888274672692,0.006533989309534935,5.0,timing_jitter
10.238177974405293,0.005,0.1488250369552005,0.04134868792368068,0.07210900036209116,1.0,timing_jitter
7.172752748039306,0.06180286476409194,0.08900255057060906,0.01142449752074542,0.06833563482179483,1.0,timing_jitter
13.810350021115177,0.20432957986349512,0.014959988098945762,0.006770374830320483,0.015849419179279244,0.0,timing_jitter
9.726660657013358,0.20282340370363228,0.03697609238683591,0.015817126121198156,0.006284241267914871,1.0,timing_jitter
8.789871458826147,0.21203223020337825,0.09438032806579784,0.11829498979095573,0.0044133588652749784,3.0,timing_jitter
11.187531708127784,0.1749013950316593,0.12652601295755053,0.09899943024396138,0.07191563448090657,3.0,timing_jitter
9.655930599709864,0.0127050602418185,0.050166778082128965,0.08028326792912872,0.0011635569595205095,0.0,timing_jitter
13.727872537560557,0.0565062198065069,0.07449088962795805,0.029165483019956098,0.008979002399341112,2.0,timing_jitter
12.684049503851988,0.4279661795764199,0.1675484094093561,0.07781384403516584,0.004071868719658756,4.0,timing_jitter
10.278820280286798,0.005,0.18657866689985791,0.08988351283477938,0.003324917045835123,3.0,timing_jitter
12.81674515616781,0.005,0.13661488592210863,0.08769426740846621,0.029846788949915513,2.0,timing_jitter
10.705805153839512,0.23158696485117025,0.10289778387734703,0.031565496709941084,0.020352219038758976,3.0,timing_jitter
6.53766402953674,0.02288764662901635,0.08271513550518425,0.1984835413610227,0.03457399859020304,2.0,timing_jitter
12.669602897938224,0.36506563282955595,0.15235345918759713,0.08170751236625208,0.03220676880338052,1.0,timing_jitter
4.298662410824536,0.47813357645318444,0.1010178795534027,0.04379758094243735,0.0071428708772386185,5.0,timing_jitter
1.0,0.12108724844030185,0.17520764941163583,0.10680114695992476,0.0016067563885808205,2.0,timing_jitter
12.093988087358351,0.1871342574737256,0.17836105075882613,0.010183511097429517,0.006579334902696771,2.0,timing_jitter
11.33068708700314,0.005,0.144604632582659,0.04136980397059065,0.02384056403333966,6.0,timing_jitter
11.130257464808015,0.2737926277746794,0.09014275305474537,0.12776885148451636,0.0141794268445449,2.0,timing_jitter
14.16867025202301,0.005,0.09477690547991065,0.04202552996472704,0.005482933284185804,4.0,timing_jitter
9.925851780787793,0.005,0.021377848589839654,0.03371846377839645,0.0016460432944826854,1.0,timing_jitter
8.865249228765459,0.16423107105255697,0.1168406657919309,0.072868305048324,0.009401736018499455,2.0,timing_jitter
12.389919496921564,0.215718867946262,0.11497848516554943,0.046349911363698953,0.016777429348501082,2.0,timing_jitter
7.858618918691214,0.005,0.037348442497657244,0.05124909629505639,0.007167253378201075,1.0,timing_jitter
9.285672382734152,0.08489596557787857,0.26184924409297394,0.09180106726517671,0.00903550098608315,3.0,timing_jitter
10.757718887324236,0.005,0.15337480920460636,0.029122071795959478,0.0016926532163441203,1.0,timing_jitter
10.997624735810007,0.11195675176316841,0.06957326020819256,0.15238667118785776,0.0060721278559221215,1.0,timing_jitter
9.000925530262185,0.05390948997304018,0.2432515178533069,0.008138162576943494,0.006489367069283714,4.0,timing_jitter
8.528562086599958,0.07371632384415101,0.09023705744909925,0.019204780088708816,0.005753595031379327,3.0,timing_jitter
6.640243408354229,0.22814595388272607,0.16982034227905765,0.05176570065091221,0.030965048752636205,4.0,timing_jitter
7.638475242680919,0.18378830264647716,0.1252579553690039,0.03164842055960027,0.054168933467378,1.0,timing_jitter
15.457265450250176,0.21734243430908945,0.09229448712026593,0.08852158032042856,0.01354798015435071,2.0,timing_jitter
9.203269658902862,0.13449591797378108,0.09978350660502133,0.16957862569146886,0.0006527825267043209,4.0,timing_jitter
10.567754447083269,0.2360318954768567,0.2061991023016877,0.00838825138400449,0.00032067835261315864,2.0,timing_jitter
5.526165991032297,0.14578845525893247,0.1725738042551449,0.025425096638637984,0.005436995601130856,0.0,timing_jitter
17.689632799544277,0.09103373239879695,0.11265570720370502,0.04860097811928433,0.02383023508961788,0.0,timing_jitter
7.41560503274103,0.21846842980401476,0.0,0.0052419709638611926,0.0007721288770500125,2.0,timing_jitter
6.474777058399823,0.09918939819715643,0.13826567347317895,0.007059120509399391,7.777972898959504e-05,1.0,timing_jitter
9.816452276230377,0.11046130625904402,0.04521150342597735,0.08270978556420487,0.014075861785189926,0.0,timing_jitter
7.3225623417263135,0.2781923747162949,0.1523155780313101,0.03995270022323775,0.037772766509695396,2.0,timing_jitter
11.094943900232524,0.26689052517882816,0.0771567643751832,0.09560142373428814,0.002990861403443871,1.0,timing_jitter
5.465069411607209,0.11434343464518301,0.08343431647251087,0.10016105124310269,0.004677063132321891,5.0,timing_jitter
13.411147395644964,0.25474285061250024,0.08171492530870242,0.1144235863840802,0.012758397975786312,5.0,timing_jitter
12.819577658012287,0.005,0.18123089419965763,0.013600632164813596,0.029178810171137208,4.0,timing_jitter
9.643957985469834,0.11503935776653414,0.014023943201668485,0.031195287569911363,0.0038079133672465925,2.0,timing_jitter
5.033440818086475,0.05978389602683752,0.1642657138412713,0.015257185738211027,0.027166205123233114,1.0,timing_jitter
7.5632402075433856,0.1497899395350065,0.14053804640745018,0.08870644540594505,0.003010006668380583,1.0,timing_jitter
10.187576818267718,0.23815031860678043,0.11564187699126643,0.05916985486679252,0.023705323904217743,0.0,timing_jitter
6.368466766578719,0.21668125780331904,0.09311709436216824,0.0232180476629586,0.015174472919386442,3.0,timing_jitter
6.856530641101597,0.20035558672854709,0.149188920376447,0.016667240594178775,0.01676575331628708,3.0,timing_jitter
13.147897289663131,0.16649899889782555,0.09359869290562296,0.07611449605030651,0.002538340937885776,2.0,timing_jitter
10.464751101325648,0.13087574259532692,0.0930557392994607,0.11179364210926016,0.015206264212533158,3.0,timing_jitter
10.369992209412402,0.29414247800825555,0.12382521518031422,0.03098461908849876,0.003515726924834031,1.0,timing_jitter
11.582378277753403,0.005,0.22318533362807644,0.06497834785408947,0.006326852990860704,1.0,timing_jitter
9.5085314387673,0.0699876058709413,0.029227713698610422,0.03377096851016595,0.0003207790956311443,4.0,timing_jitter
9.821482585197923,0.1993538483907216,0.15004225118737863,0.14619540988583168,0.009304483991486855,2.0,timing_jitter
11.367956783485512,0.333345780570089,0.11141745141663921,0.21945053453726518,0.021271196061318304,1.0,timing_jitter
12.426949248498472,0.10849954920482975,0.10676425174292815,0.07885977181728253,0.024116068235207868,4.0,timing_jitter
11.494309089968777,0.11868847823999629,0.02838172173892331,0.048668521473505304,0.060606167629204476,4.0,timing_jitter
14.381164352620068,0.005,0.014652966805693973,0.058768978653879436,0.009061797142873779,1.0,timing_jitter
10.07389109979508,0.08501777813094252,0.1403959169619331,0.11446314889093458,0.003801063305305378,2.0,timing_jitter
5.958485221404908,0.23498767996458134,0.04383946510926122,0.031620360564967545,0.001290852012508697,0.0,timing_jitter
13.264811685855113,0.33951523793943106,0.180982244560777,0.04279223845525379,0.012594760657147505,1.0,timing_jitter
9.264741425675387,0.11480572284450094,0.05904847233960496,0.07604542067328324,0.014910683708492524,1.0,timing_jitter
7.693929922822702,0.0541230855083729,0.1530586161835037,0.060955595298418264,0.008948399035526737,3.0,timing_jitter
12.137048270212821,0.15837014973487298,0.08543683847186076,0.12611327793764718,0.009303625605260834,2.0,timing_jitter
11.112315090381898,0.005,0.08255995815785766,0.12915505839581598,0.0046081083983908755,0.0,timing_jitter
6.16375658403938,0.2982698360008601,0.06516870351034593,0.10158517476146309,0.06771214337692032,2.0,timing_jitter
12.011890852047387,0.005,0.14620899123208433,0.19229485579724787,0.012764925077189225,2.0,timing_jitter
15.622950619989727,0.18765507100570353,0.16293431293375718,0.051820310667210795,0.027089372236420124,1.0,timing_jitter
10.970853922061599,0.18587929666139497,0.10106806457796023,0.008846649349065983,0.02182484765100722,2.0,timing_jitter
9.231448785788839,0.22532885310327716,0.15547236100471643,0.007896397836826519,0.015813731223172516,2.0,timing_jitter
4.992233451341082,0.18067105335252143,0.12075649779359236,0.21090454061429717,0.007076944176624478,1.0,timing_jitter
16.15365485222241,0.15032553480556343,0.039946313085375496,0.05245776973355788,0.04252482317325195,2.0,timing_jitter
8.449119362976608,0.20143183645186416,0.14271198908042457,0.0492924316487466,0.00445217473747492,0.0,timing_jitter
5.776034512529897,0.25016274397513494,0.10196776802061895,0.15862680219201308,0.00041264274010810426,0.0,timing_jitter
10.332534751947184,0.36557477658774573,0.0,0.05217024726825185,0.013255553144214689,0.0,timing_jitter
13.024746904823044,0.01769762654563023,0.0965536692591164,0.0303332472567033,0.031874881744800694,2.0,timing_jitter
13.707744323860346,0.005,0.018389982042993053,0.07203843773833314,0.005270505722619861,2.0,timing_jitter
7.983341157495745,0.005,0.0461076148562405,0.10220716254046983,0.009960791674648943,3.0,timing_jitter
9.704422797134988,0.005,0.10506290147471292,0.11356583982682576,0.04082600138417064,2.0,timing_jitter
10.001238388567272,0.0060381341831338975,0.11548686918943918,0.05391651419522144,0.003933343491127562,1.0,timing_jitter
12.929673928026942,0.005,0.06989678747142092,0.07091797633886626,0.010351135103694334,0.0,timing_jitter
11.778502389491479,0.10003597107229739,0.1516380251433222,0.05244750889501614,0.004086035544896381,2.0,timing_jitter
10.811873912783087,0.25261470333620134,0.11312869706961728,0.08244813676020402,0.0023650477083636532,2.0,timing_jitter
12.74447935499029,0.22517824509712464,0.09456126099503188,0.13861602630125064,0.017851415064531903,0.0,timing_jitter
5.913796583722673,0.07533222971899384,0.12260427557672987,0.06603898043471677,0.0178091082411975,0.0,timing_jitter
11.262623695799888,0.08569692705968143,0.19230353358417018,0.028691574316546033,0.018268613249077467,3.0,timing_jitter
10.664788998909518,0.3912931590756046,0.0,0.08418443242543444,0.0005507704425118244,0.0,timing_jitter
9.849979941737816,0.2213741975512588,0.1979714403964583,0.06681528583340289,0.002960864532241625,2.0,timing_jitter
9.250976779042182,0.17072486173942086,0.08300145054109904,0.06349768975831188,0.035196109868859175,2.0,timing_jitter
10.402448841624988,0.1645802129567174,0.07326474530650294,0.114147102992369,0.014307015504939681,3.0,timing_jitter
8.28943571614844,0.11529035418359623,0.09586949535499104,0.033985614944092836,0.003174575193264598,2.0,timing_jitter
18.181875255356378,0.390376559697749,0.06679777114795085,0.07447627288383266,0.013952175151626597,3.0,timing_jitter
14.076922690303562,0.12721838296735768,0.057577499254485236,0.15899421974606562,0.04056040094872202,2.0,timing_jitter
13.278729898740114,0.16791548949996654,0.17080953869569498,0.015294820917465724,0.0003276828360353497,3.0,timing_jitter
8.410968020736671,0.005,0.12958112531332822,0.054984267501282644,0.0031846427427232047,4.0,timing_jitter
7.128421642897981,0.07363610133740518,0.0049385182160238406,0.11903850667893914,0.025685907079375264,2.0,timing_jitter
9.364143454881702,0.08391386946705427,0.16044660722488244,0.1295571301017339,0.0024133406767307725,2.0,timing_jitter
10.34247893956275,0.208355236511321,0.15170655150506093,0.053382942541511665,0.05133035329680863,1.0,timing_jitter
5.654829897463293,0.05697371027130989,0.030924714637519765,0.02150500123551163,0.002089282242952311,2.0,timing_jitter
11.439930434325964,0.15579744839174686,0.13081551948528325,0.04997236077956899,0.02265801135941711,1.0,timing_jitter
13.246448834931998,0.07723741587997657,0.1572275438075036,0.02209699416186461,0.010969644594884736,4.0,timing_jitter
3.292967815530682,0.01792304002565792,0.02374223461289622,0.1549785613371147,0.010669609712755488,0.0,timing_jitter
7.298895649042226,0.013044867020794354,0.13711713638130135,0.005632607486924494,0.01643460690841619,3.0,timing_jitter
13.683502205055511,0.12919234330451587,0.07949418747765488,0.014311408357393071,0.010878918607921098,0.0,timing_jitter
11.12189593910942,0.16236756981038347,0.1525314859828172,0.09356298299889501,0.00947233241791849,2.0,timing_jitter
7.401031377947056,0.12675299381206656,0.06398112327327696,0.06285910840454716,0.0047728713313215125,2.0,timing_jitter
12.206085587000905,0.05005644055442793,0.18253459696339008,0.06280786695077148,0.0024124813043737885,2.0,timing_jitter
8.21735591683974,0.13346925163164872,0.10538790834855112,0.05248286701665077,0.02312428700362668,2.0,timing_jitter
9.291635341593699,0.11127459884586098,0.08310637867801461,0.1670266570682766,0.00807018715455542,1.0,timing_jitter
6.583367965452605,0.024975921113339627,0.07664877907302738,0.07762670185433329,0.001982172456377017,2.0,timing_jitter
10.050744187519443,0.15997011104022563,0.17244113155475388,0.025556481831482004,0.03357270073919485,1.0,timing_jitter
13.054570798827868,0.3672392315191813,0.0766101914705906,0.07599019959595603,0.006066335822488497,2.0,timing_jitter
8.567486126590019,0.132050032746043,0.18362675245385476,0.03538709146170893,0.008150430087311207,1.0,timing_jitter
11.936371663046282,0.005,0.13280517028741962,0.0300014913419658,0.004974014565084627,3.0,timing_jitter
9.85027036301635,0.32622537073995356,0.036863353192508094,0.03702792339846246,0.06094758105582581,1.0,timing_jitter
13.237021346290456,0.30085458100132023,0.1215587502395755,0.14177428307769013,0.04010151063598508,3.0,timing_jitter
8.610887608340086,0.32190328552113057,0.12281157534234843,0.08121918495129425,0.015904459481128855,2.0,timing_jitter
14.665059497279255,0.14493391712397333,0.034910674688686305,0.012495939529262291,1.551419359166939e-05,0.0,timing_jitter
12.04476651296976,0.0559734593823067,0.12049693412098936,0.11417348577592434,0.0022205069191649136,4.0,timing_jitter
10.732039002870799,0.04283690260917018,0.15253079730275312,0.06866270239090873,0.009490574792905623,4.0,timing_jitter
10.841522178796472,0.28694690914407084,0.18768916692244378,0.00451393303948525,0.0050390489101451745,2.0,timing_jitter
8.605040644002639,0.3427054755111131,0.18506013293782342,0.01795093136203665,0.004372384749392134,3.0,timing_jitter
8.411984533596234,0.03955522856952637,0.2633419805434914,0.03716252869796401,0.021370066181722075,1.0,timing_jitter
10.786577240391477,0.005,0.12003507011840397,0.03567738633457234,0.0179695863105292,3.0,timing_jitter
6.403799682707387,0.14786568309059203,0.15322809667497195,0.04397566937587344,0.015455381159114916,1.0,timing_jitter
8.194924304362543,0.04148897263704429,0.08362590763045688,0.07392960644232115,0.029804842002529332,2.0,timing_jitter
7.188234510493613,0.06512805474024519,0.23305377399003185,0.07026605840409422,0.014315091335586594,2.0,timing_jitter
11.715463448990024,0.12141371059847564,0.06654388157068847,0.06419082291450735,0.005662222359550658,2.0,timing_jitter
11.761081946539441,0.19918482685052474,0.23035417765848892,0.027338214148454453,0.01045187093364991,2.0,timing_jitter
13.80346666512646,0.05628436294603055,0.22265624574628967,0.09922197449805885,0.005653442901904004,0.0,timing_jitter
8.996040503022293,0.16632918401260635,0.07290644847325131,0.0822483680442695,0.027605087376155895,6.0,timing_jitter
7.576695734975873,0.13486149891590932,0.18217962500926987,0.061406267517893555,0.026367182451388072,4.0,timing_jitter
5.592110717584982,0.005,0.1474038303903298,0.06102718927896753,0.004622081094869575,1.0,timing_jitter
10.812850555006042,0.21539701678038436,0.09528091511397421,0.013897435440375475,0.001736687486929394,1.0,timing_jitter
14.190382727901731,0.09587940995598931,0.11185146250631524,0.15570223898605837,0.008067640880340933,4.0,timing_jitter
9.776162752380895,0.005,0.13592865377281027,0.014579629513516573,0.01609946219064885,2.0,timing_jitter
10.079893665285661,0.06288024381153114,0.14163836791224355,0.2657524178449407,0.0995386130012851,2.0,timing_jitter
9.98135763326066,0.17435588432679877,0.20965151250555517,0.020484793156357362,0.007915616388634021,3.0,timing_jitter
10.762031056578161,0.15554797379213578,0.15427353524886697,0.12465179915373978,0.05544407686601407,2.0,timing_jitter
12.991147536474541,0.22733190864281178,0.07380786318668811,0.09942322378779311,0.00981223691824614,0.0,timing_jitter
15.757565972615453,0.20239003002318745,0.16461716975794558,0.0959109139857541,0.009289988097085892,0.0,timing_jitter
11.494917887394594,0.00940758722029883,0.01514054668095241,0.0537565606010605,0.006630679296793682,5.0,timing_jitter
11.692812723695484,0.005,0.09680484846377016,0.036775212185571934,0.03588538259386465,2.0,timing_jitter
9.28220537837839,0.1645086430664462,0.10258101085091106,0.0740356843662311,0.007547546040690639,3.0,timing_jitter
9.676563363245023,0.22571414495830253,0.1594989109054265,0.11034116902610958,0.026963283590208446,0.0,timing_jitter
9.63607421423076,0.12570668297045018,0.2262482405312234,0.03751650818852397,0.010109580200849073,2.0,timing_jitter
8.901559041278064,0.22927253685853896,0.1330616323982972,0.09473491927612011,0.009929244205610805,2.0,timing_jitter
10.38257828398142,0.029802861844055353,0.09831802964558273,0.09640153518826777,0.020770377074830294,1.0,timing_jitter
11.87462339234813,0.10847771247342794,0.07810317948577683,0.10010071725157413,0.004406031448467807,3.0,timing_jitter
10.190669880980403,0.039530805440583155,0.17010247620179414,0.020617887507342246,0.001915298101854752,1.0,timing_jitter
9.158439423852844,0.2336757503320535,0.10830982107077529,0.015680617331170082,0.017430962311468824,1.0,timing_jitter
10.37799619535555,0.04075190454481016,0.08980783011823197,0.012712532301451623,0.003457164346778691,5.0,timing_jitter
7.120430737185943,0.39718190833087275,0.1770772327077629,0.11590130400267125,0.018822870505956504,2.0,timing_jitter
12.410020843984743,0.0897607057416836,0.1901565372571667,0.050400488176138444,0.04110524701712779,3.0,timing_jitter
8.760522733690156,0.24578169004689754,0.062438496967058325,0.03312693881192636,0.0008017377633315707,2.0,timing_jitter
6.535093733815085,0.09130252119438739,0.03020496612974466,0.029163696358679922,0.008503323504549508,3.0,timing_jitter
11.385234951289357,0.31051458035716106,0.11413302601028368,0.05960457412652855,0.021976210310761225,4.0,timing_jitter
11.534148423352264,0.3059410971737705,0.05158573338369181,0.07275106892651544,0.019700551066141637,3.0,timing_jitter
7.420203933318758,0.1111480835313805,0.043376601437905574,0.028756071525813384,0.040909207539354654,3.0,timing_jitter
11.870706884770824,0.18296392868046435,0.05756060940649356,0.11569231068512793,0.0033082370567730124,1.0,timing_jitter
11.901698994268356,0.30287491743245,0.18279177009191197,0.19401823071160626,0.01059945592035436,4.0,timing_jitter
15.92464213578641,0.18651958744501643,0.15902309820743926,0.03847977956808275,0.004606754182302826,2.0,timing_jitter
9.294924649652204,0.03951291977405551,0.26744872335025516,0.01730188816351584,0.020692033599356664,2.0,timing_jitter
9.836870278508764,0.15840791738134058,0.08148227828193175,0.12443029302592067,0.012984341034410995,2.0,timing_jitter
8.179609362439558,0.0602132976730442,0.19979014018543256,0.03952507651390128,0.01100185399069725,0.0,timing_jitter
11.481026015564439,0.1681193748729576,0.14961338212646275,0.09858339215391804,0.0008008354610181885,2.0,timing_jitter
9.986186872059102,0.05550328087329784,0.08661675387893089,0.144086678682517,0.024393559597518575,0.0,timing_jitter
12.963787048054611,0.1947366763207254,0.11119948792366202,0.04021017359268385,0.0021821983070062436,2.0,timing_jitter
8.698148844573279,0.005,0.08633170439742127,0.04363990062052765,0.002316414422541229,0.0,timing_jitter
11.415567479368331,0.01536232547629568,0.13552341236480284,0.03644650604370474,0.028048679742238868,0.0,timing_jitter
9.286465773173983,0.05481316195481545,0.17920209450499527,0.13164854559944478,0.0077174836938829145,2.0,timing_jitter
4.472559829505059,0.13077430932653566,0.0978857182491237,0.03733122645886495,0.003127655496932716,1.0,timing_jitter
11.884122055462935,0.005,0.1709030595059411,0.06487108841743673,0.04744728417781485,4.0,timing_jitter
4.755850535755098,0.04398522316712247,0.19627382484546246,0.14792543843001593,0.0319814324335454,2.0,timing_jitter
9.521547193866066,0.24337452331207537,0.20963501568710102,0.0526498967279329,0.032212064744256134,0.0,timing_jitter
9.56839768174624,0.25765980588276094,0.049623316489931776,0.07994248049823768,0.031014300646577144,6.0,timing_jitter
9.974891758188575,0.005,0.1170509217926521,0.12994896013536797,0.003222719388336774,6.0,timing_jitter
10.141932318594847,0.07959052381559222,0.16256596868124995,0.0422776487330232,0.011173901137575354,0.0,timing_jitter
10.112402821268288,0.302980339587301,0.05479590514486653,0.03727945219329046,0.01787076195409709,1.0,timing_jitter
11.089218005330375,0.19632462712670923,0.04142542602659813,0.06002746399449879,0.016811352877176763,0.0,timing_jitter
9.673807351888602,0.19888185876297962,0.11841534748636655,0.14879713151096738,0.011316208236716238,2.0,timing_jitter
17.84709229396975,0.21769765645675931,0.09522214304939962,0.1299841404250318,0.0008657187415879416,0.0,timing_jitter
8.972821807559521,0.03492835082374897,0.1096593366079012,0.09158966420083939,0.02126438653521649,5.0,timing_jitter
6.332172570129977,0.17568366298218838,0.09171914376788452,0.0670505161658137,0.028668201312020882,3.0,timing_jitter
5.7699608801635405,0.20660805877144528,0.24959346187594056,0.06293741837809902,0.00820980484710824,4.0,timing_jitter
11.974770534126497,0.16284960746670152,0.09230112881370621,0.057939669763852654,0.005411876951187677,3.0,timing_jitter
5.22509434812635,0.10276404739719731,0.15513776110329186,0.045548000778784084,0.03353791635148118,2.0,timing_jitter
6.370757373604002,0.14422965621240588,0.151115781974965,0.04753357151401443,0.02765831074528194,1.0,timing_jitter
5.938722841861539,0.013182647272879155,0.018671103065078742,0.047596521106918,0.038116031443223314,3.0,timing_jitter
11.371426350199286,0.22369879979684582,0.2079671519323336,0.05916320538244314,0.005243062333894864,0.0,timing_jitter
13.992122149069058,0.005,0.15754790597400548,0.07449341393558896,0.04329806374483994,0.0,timing_jitter
7.168160562080773,0.05204889047923332,0.12941709747659863,0.02771874842750068,0.0006919407398817937,2.0,timing_jitter
11.266124319888116,0.23181420321692012,0.18344599616523724,0.2066180718014723,0.01585162775861275,0.0,timing_jitter
2.089162709773417,0.18483076818377003,0.11713307834627215,0.04024615550899609,0.00812419078670935,0.0,timing_jitter
7.765764722087925,0.09190196939833872,0.17291587802648506,0.010965515999252265,0.029471953766496327,3.0,timing_jitter
11.807424735895124,0.005,0.007426594603106143,0.0668186838994721,0.03967097103975711,2.0,timing_jitter
9.063086040382048,0.1444640776138042,0.16905158683676297,0.09651499050009295,0.030260131682456833,1.0,timing_jitter
